2.071733784235976206e-01,3.857704289194573838e-02,-2.864986778167932235e-01,-2.110992652445300433e-01,-5.216099290417762768e-01,-1.300481401001544191e-01,-4.038053035570403626e-01,-1.163082740036028018e-01,-7.990714398885394587e-01,-7.212713877985400535e-01,-8.296976128007937934e-01,-8.294957007511482017e-01,1.368065235913280553e+00,-8.696306320733113715e-01,4.558330737960070156e-02,-8.583422222269171398e-01,5.384370736517904987e-01,1.401682471653978301e-01
8.549114846611484131e-01,1.761766863281850337e-01,-2.864986778167932235e-01,-2.110992652445300433e-01,-5.040191371208324611e-01,-1.253648588389668916e-01,-4.385400769936287912e-01,-1.187041399937056874e-01,-7.866227130000877921e-01,-6.931345097537013888e-01,-8.271610849423539635e-01,-8.205005533489614367e-01,1.502633536443696460e+00,-9.288525028457745858e-01,5.193062649486101211e-03,-8.429226665864397727e-01,5.074048414164394893e-01,2.664990521069264817e-01
-2.651356573746164735e-01,2.793764189053645208e-01,-2.864986778167932235e-01,-2.110992652445300433e-01,-5.216099543725692955e-01,-1.290263338354874223e-01,-3.690705822225860411e-01,-1.141405881011939849e-01,-8.009866266517591260e-01,-7.150187632393477655e-01,-8.398437105373134370e-01,-8.294957007511482017e-01,1.444961423710753534e+00,-9.288525028457745858e-01,6.577847518372884061e-02,-8.634820733360992762e-01,4.812215246834191107e-01,2.401245250742023718e-01
-1.223248272850993690e+00,2.449765080463046640e-01,-2.864986778167932235e-01,-2.110992652445300433e-01,-4.512465903751477492e-01,-1.276639241184861495e-01,-3.111793278963614351e-01,-1.146349711857472392e-01,-8.076897803230280726e-01,-7.087661217980371076e-01,-8.575993872834057896e-01,-8.354924701835150236e-01,1.569917678058085686e+00,-1.011763097409374978e+00,7.587605454188571519e-02,-8.583422222269171398e-01,6.615964570294123881e-01,3.822775529773657643e-01
-1.155775553451248827e+00,-2.022223331214730302e-01,-2.864986778167932235e-01,-2.110992652445300433e-01,-3.808833245345492613e-01,-1.228954923850560932e-01,-3.574923105164874992e-01,-1.150913288146733632e-01,-8.029018134149787933e-01,-7.306503471468196453e-01,-8.296976128007937934e-01,-8.324940868166043062e-01,1.320005126109326632e+00,-8.459418976222403685e-01,5.568089582557174400e-02,-8.557722943593950582e-01,6.144661438014326071e-01,1.055689698773973201e-01
-1.466150062690075195e+00,9.017690918053547500e-02,-2.864986778167932235e-01,-2.110992652445300433e-01,-4.512466537021304069e-01,-1.297075392227730328e-01,-4.038053035570403626e-01,-1.163082740036028018e-01,-8.153505454744399694e-01,-7.337766622401021843e-01,-8.525263452637658057e-01,-8.414892342187911822e-01,1.416125345717234474e+00,-9.288525028457745858e-01,9.607115873131460981e-02,-8.737617639898077604e-01,6.082598381168415891e-01,2.273857466008657457e-01
-1.331204623890585470e+00,-9.590203720207891580e-01,3.473796468528618675e+00,-2.110992652445300433e-01,-2.929291971133260453e-01,-1.110595344405505974e-01,-3.330120292621489841e-02,-8.679730943041746860e-02,-4.418887465774036793e-01,-3.773764039635263412e-01,-4.137073476388131166e-01,-5.326557339342605779e-01,9.547483227422246532e-01,-1.648906022675604988e-01,-7.218321603958507415e-01,-4.394446644484198417e-01,6.030344206868784585e-02,-1.813543014315958102e-01
-1.493139150449973140e+00,-2.194222885510029308e-01,-2.864986778167932235e-01,-2.110992652445300433e-01,-6.424837019440186869e-02,-8.453176304222823761e-03,1.301175885305751699e-02,-1.090065843876402707e-01,-4.955140276576498470e-01,-3.961342663863574587e-01,-5.151683934902064887e-01,-5.626395406179146574e-01,1.320005126109326632e+00,-5.439104707439716968e-01,-4.592952970156812809e-01,-5.422416172441271165e-01,-2.392165916777181101e-01,-3.012864900624306549e-03
-1.533622782089820058e+00,-2.538221994100627876e-01,-2.864986778167932235e-01,-2.110992652445300433e-01,-1.873841732816376171e-01,-1.131031745126838961e-01,-2.532880631497099189e-01,-1.097291556305295124e-01,-5.022172071839660079e-01,-3.930079794299389251e-01,-5.227780090257513335e-01,-5.776314709451948470e-01,1.416125345717234474e+00,-5.557548299745568299e-01,-5.400757864759101468e-01,-5.499514262889363403e-01,-1.516441624562448465e-01,2.453757186957295985e-02
-5.350265349735959797e-01,-3.742218874167721476e-01,-2.864986778167932235e-01,-2.110992652445300433e-01,-1.873842049451289460e-01,-1.018633248215306264e-01,-2.764445648801998057e-01,-1.069910267991599356e-01,-4.083729265109645179e-01,-3.304816494274244731e-01,-3.934151384685344310e-01,-4.966751119429695382e-01,1.050868540619968927e+00,-2.300345780357782866e-01,-7.117344174570386928e-01,-4.188852738892784311e-01,-8.110566477272339314e-02,-1.399263316379614763e-01
-1.439160974930177250e+00,3.825761514825439802e-01,-2.864986778167932235e-01,-2.110992652445300433e-01,-4.864282882056041868e-01,-1.310699483879986527e-01,-4.153835752631389600e-01,-1.156617712302345224e-01,-8.574846878768349612e-01,-7.712924911921612559e-01,-9.134029613602355768e-01,-8.654763038526221974e-01,1.493021524863888505e+00,-1.094673696236948768e+00,2.980226095772415817e-01,-9.097406963118396250e-01,7.799071888343519499e-01,4.934299444483672414e-01
-1.371688255530432388e+00,-1.165419837175148077e+00,-2.864986778167932235e-01,-2.110992652445300433e-01,9.406883308647201458e-02,-4.702637931418469919e-02,-1.722403800359831594e-01,-1.114404856495708612e-01,-3.528324586674986274e-01,-3.179763609174303118e-01,-2.944906843960317100e-01,-4.516993749320352691e-01,6.087155511855577572e-01,1.193743390645003594e-01,-8.430028945861944845e-01,-3.186583114102343739e-01,5.208212149431213495e-02,-2.762372610253596705e-01
9.628678357007401933e-01,1.073768646100653895e-01,-2.864986778167932235e-01,-2.110992652445300433e-01,-3.457017090291703010e-01,-1.215330852889889846e-01,-4.038053139774672173e-01,-1.176773407295858276e-01,-7.952410534345764059e-01,-7.056397982636954946e-01,-8.373071826788734962e-01,-8.234989367158720430e-01,1.473797458450177622e+00,-9.466190576815531887e-01,6.577847518372884061e-02,-8.480625315732087666e-01,5.141931999525329866e-01,2.613911180339573148e-01
-6.024992543733408423e-01,-1.162225559738234715e-01,-2.864986778167932235e-01,-2.110992652445300433e-01,-1.346117405245216836e-01,-9.394431710858711093e-02,-2.185532584518410371e-01,-1.105277757310745707e-01,-3.978394251683032290e-01,-3.304816494274244731e-01,-3.756594982484139367e-01,-4.846815622840547899e-01,9.451363111624168090e-01,-1.708127818828530931e-01,-7.016368562745103343e-01,-4.008958505174886611e-01,-6.979179253026693286e-02,-1.871516392970568599e-01
-1.655073677009360811e+00,-1.354619346899977206e+00,-2.864986778167932235e-01,-2.110992652445300433e-01,7.647837046583784437e-02,-7.657362077111551368e-02,-4.487936000761841293e-02,-1.037965476291387579e-01,-4.744469732622330627e-01,-4.399027339660407931e-01,-4.289265558811701795e-01,-5.566427792811837749e-01,7.048357707934659322e-01,-7.013556852387026197e-02,-6.208563668142811354e-01,-4.548642594087268232e-01,1.515448892988512652e-01,-2.650549860710937344e-01
-6.271749917538187169e-02,2.277765526167747634e-01,-2.864986778167932235e-01,-2.110992652445300433e-01,-4.160649812024669880e-01,-1.218736834994549323e-01,-3.343357879451439585e-01,-1.149392095365780464e-01,-7.971562531253196804e-01,-7.087661217980371076e-01,-8.398437105373134370e-01,-8.234989367158720430e-01,1.464185429568731323e+00,-9.525412479567796353e-01,8.597357937315774912e-02,-8.532023734306662943e-01,4.676446756464072707e-01,2.666341677089189011e-01
2.881406417032914558e-01,2.137708746241582386e-02,-2.864986778167932235e-01,-2.110992652445300433e-01,-4.512466853656217358e-01,-1.276639261876446885e-01,-4.616966099853991312e-01,-1.183999030803938035e-01,-8.029018134149787933e-01,-7.181450670778848355e-01,-8.373071826788734962e-01,-8.354924701835150236e-01,1.435349394829307457e+00,-8.992415781194770252e-01,2.538818501454343998e-02,-8.609121477815082635e-01,6.169876396866978974e-01,2.024279390391706956e-01
-1.371688255530432388e+00,-6.494211742892507244e-01,-2.864986778167932235e-01,-2.110992652445300433e-01,-1.522025514435603466e-01,-1.073129274562705515e-01,-1.722402341500077205e-01,-1.096150659152582141e-01,-4.945564342760399579e-01,-3.961342663863574587e-01,-5.050222774907009438e-01,-5.716347096084639645e-01,1.310393105878699505e+00,-4.787663883764141648e-01,-5.602709088409675298e-01,-5.319619103999007059e-01,-1.032789224029109360e-01,-2.979961315438681840e-02
1.801842906636996755e-01,-1.162225559738234715e-01,-2.864986778167932235e-01,-2.110992652445300433e-01,-4.160650002005618076e-01,-1.280045271569887066e-01,-4.501183174384469354e-01,-1.173731037135940097e-01,-7.914106773226323721e-01,-7.150187632393477655e-01,-8.170149849229610961e-01,-8.264973173842375953e-01,1.348841204102845692e+00,-8.281753427864618766e-01,-4.904589411184102389e-03,-8.454925875151685366e-01,5.979804821199740106e-01,9.575907698209674968e-02
1.408187783739056398e+00,2.137708746241582386e-02,-2.864986778167932235e-01,-2.110992652445300433e-01,-3.281108189514033713e-01,-1.297926915572581996e-01,-3.574923105164874992e-01,-1.160040383224499733e-01,-8.067321869414182389e-01,-7.275240320535371064e-01,-8.423802406786263797e-01,-8.324940868166043062e-01,1.387289285025353758e+00,-9.110859426800290706e-01,9.607115873131460981e-02,-8.634820733360992762e-01,5.394070151100455179e-01,1.941347139667100319e-01
-1.385182799410381360e+00,-1.162225559738234715e-01,-2.864986778167932235e-01,-2.110992652445300433e-01,-4.864283546989359719e-01,-1.290263344332443218e-01,-4.732748504302172199e-01,-1.181336954834741187e-01,-8.134353509547060934e-01,-7.369029857744437972e-01,-8.449167639713196509e-01,-8.414892342187911822e-01,1.368065235913280553e+00,-8.873972082289579566e-01,7.587605454188571519e-02,-8.686219105676944441e-01,6.693547130354864372e-01,1.544009155489839413e-01
-4.922295529543289222e-02,-1.079420060027498574e+00,-2.864986778167932235e-01,-2.110992652445300433e-01,1.116599289769325126e-01,-7.793601453260533274e-02,5.932478315489084914e-02,-8.999178962723788922e-02,-2.676065959941272832e-01,-2.335657689882101318e-01,-2.006392540801829327e-01,-3.767397502810876930e-01,5.318193893405419592e-01,2.496624504999457872e-01,-9.843688420197369560e-01,-2.235711676593362118e-01,-4.090993339014719309e-03,-2.794114195765809439e-01
-1.236742816730942662e+00,4.513759732006636383e-01,-2.864986778167932235e-01,-2.110992652445300433e-01,-4.336558111196004428e-01,-1.257054673952255619e-01,-3.922270589440515209e-01,-1.179435490041929741e-01,-8.182233152772506735e-01,-8.119346239827572864e-01,-8.068688689234554401e-01,-8.294957007511482017e-01,7.240598199055389150e-01,-5.912879076663120070e-01,2.475347582255275625e-01,-8.377828247289823560e-01,6.822963273968214448e-01,-4.138150835465803645e-01
-6.024992543733408423e-01,-4.774216199939516070e-01,-2.864986778167932235e-01,-2.110992652445300433e-01,-2.225658584466974899e-01,-1.083347377213107338e-01,-3.459141534350839153e-01,-1.138363552950789892e-01,-4.055001463661349614e-01,-3.273552780604138679e-01,-3.959517074186926777e-01,-4.876799429524202312e-01,1.050868540619968927e+00,-2.655677090272034468e-01,-6.511490503618668768e-01,-4.214552410766301827e-01,-1.442564196883966698e-01,-1.455234008631650366e-01
-3.865865522941572263e-01,-6.666211297187806251e-01,-2.864986778167932235e-01,-2.110992652445300433e-01,-1.346116138705564791e-01,-1.021187693410630093e-01,-2.069751222112911349e-01,-9.603846649987572703e-02,-3.422989314697903462e-01,-2.648289480578994159e-01,-3.198559173229644226e-01,-4.397058252731205208e-01,9.931964123155517798e-01,-1.234352383611729415e-01,-8.329053334036656819e-01,-3.443575206975217351e-01,-1.075036002982528022e-01,-1.657488662270070745e-01
2.746460978233424832e-01,-3.570219319872422470e-01,-2.864986778167932235e-01,-2.110992652445300433e-01,-3.281109266072737563e-01,-1.175309887235015810e-01,1.433476726532175935e-03,-1.042528859542394687e-01,-3.624084183386443447e-01,-3.054711005443002114e-01,-3.249289410796185051e-01,-4.576961092833130018e-01,8.201800395134468680e-01,-3.460254413178497079e-02,-8.026125589779381508e-01,-3.494973394256677968e-01,-2.405120086648937158e-02,-2.212657957834087696e-01
-1.439160974930177250e+00,2.621764634758345647e-01,-2.864986778167932235e-01,-2.110992652445300433e-01,-3.281108696129894642e-01,-1.185528173810621588e-01,-3.690705822225860411e-01,-1.164223649510331554e-01,-8.105625604678576845e-01,-7.212713877985400535e-01,-8.550628731222054135e-01,-8.354924701835150236e-01,1.483409487331623700e+00,-9.762299877378178836e-01,1.061687380894717203e-01,-8.686219105676944441e-01,5.306788616339909170e-01,3.067128155150051216e-01
1.801842906636996755e-01,1.761766863281850337e-01,-2.864986778167932235e-01,-2.110992652445300433e-01,-3.984741576180318434e-01,-1.212776364012330133e-01,-2.996010666106896370e-01,-1.173350757936487410e-01,-7.923682681187375065e-01,-7.087661217980371076e-01,-8.246245548010410209e-01,-8.264973173842375953e-01,1.416125345717234474e+00,-8.755528223485380401e-01,5.193062649486101211e-03,-8.480625315732087666e-01,5.937136194691463587e-01,1.684858994373690522e-01
-4.922295529543289222e-02,-1.678224222624132012e-01,-2.864986778167932235e-01,-2.110992652445300433e-01,-6.424849684836707320e-02,-9.632850504166177996e-02,7.090291939544075828e-02,-1.037965373611465097e-01,-4.351855670510875185e-01,-3.648711154535321799e-01,-4.238534636383186061e-01,-5.116670422702497278e-01,1.002808432546178574e+00,-2.774121215574584798e-01,-5.804661220841664804e-01,-4.497243712926462522e-01,-1.171903462576771027e-01,-1.572469718764812063e-01
-4.000810961741061988e-01,-1.131019926316088275e+00,-2.864986778167932235e-01,-2.110992652445300433e-01,-2.906697000076373730e-02,-5.307204904901246384e-02,-1.027708540036599144e-01,-1.018570368447157953e-01,-2.790976907183985722e-01,-2.335657689882101318e-01,-2.183948258141061027e-01,-3.917316536229147328e-01,6.471636407588848838e-01,1.963627806626431216e-01,-1.014661616445464487e+00,-2.415605216431915558e-01,1.082433092211431899e-02,-2.556231218771435332e-01
2.071733784235976206e-01,-1.681418500061045540e+00,-2.864986778167932235e-01,-2.110992652445300433e-01,-2.929295929069675175e-01,-9.777601019128828730e-02,-3.111793904189223414e-01,-1.182858238487425606e-01,2.350456346542023400e+00,2.386288980321489728e+00,2.244571848209103049e+00,2.417753704195330755e+00,-1.582825208461319244e+00,1.185367735810553880e+00,-3.583195034341115082e-01,2.253835290635307409e+00,-1.102902964647597628e+00,-6.503469045210276134e-01
2.341624661834955656e-01,-1.543818856624806113e+00,-2.864986778167932235e-01,-2.110992652445300433e-01,-4.512470589948192612e-01,-1.171585321387366568e-01,-4.385398164829583112e-01,-1.159130433753034622e-01,1.900386940084448639e+00,1.795414836816948911e+00,1.932579095119377532e+00,1.944009261753611773e+00,-2.515191196784594574e+00,1.783508356652128590e+00,-3.987098390423676197e-01,1.937734623203376305e+00,-7.717908159048122441e-01,-6.846335626539675756e-01
-7.914228686926264578e-01,-1.406219213188566908e+00,-2.864986778167932235e-01,-2.110992652445300433e-01,-4.160647342272347227e-01,-1.239609570673518429e-01,-4.616959639189362474e-01,-1.161375996421076251e-01,1.877404776490953831e+00,1.748520110417710605e+00,1.937652096047299599e+00,1.911027074401590919e+00,-2.717043959009705301e+00,1.961174118208593553e+00,-4.895879805632670223e-01,1.942874418802211123e+00,-7.090232428504933404e-01,-6.825343009801065897e-01
5.445369754223219338e-01,-4.086217982758319489e-01,-2.864986778167932235e-01,-2.110992652445300433e-01,-3.281103250009387295e-01,-1.205964328531994451e-01,-3.806486455201482100e-01,-1.146349778599421998e-01,1.456063300756910817e+00,1.295203859154464565e+00,1.689072539418568830e+00,1.320345327140919567e+00,-2.668983468569711803e+00,2.825813248135692124e+00,-2.014321173175357860e+00,1.691021890235056224e+00,-4.082668306656662693e-01,-5.562114734381448100e-01
1.394693239859107425e+00,-1.767418277208695043e+00,-2.864986778167932235e-01,-2.110992652445300433e-01,-2.753386395022179856e-01,-1.202152188997540339e-01,-3.690705718021592419e-01,-1.117732907869459363e-01,2.272891205066483788e+00,2.279994098328699703e+00,2.203987384211080869e+00,2.324803795534189810e+00,-1.784677711161857916e+00,1.380799929613556909e+00,-4.794904193807386084e-01,2.212716463258402211e+00,-1.030814892009429773e+00,-6.461492789513925139e-01
-8.739323655585971157e-03,-1.612618678342925715e+00,-2.864986778167932235e-01,-2.110992652445300433e-01,-2.929287854879388808e-01,-1.151468743605084943e-01,-3.227580059991059791e-01,-1.101854141733306230e-01,2.361947363701152547e+00,2.426930992123570441e+00,2.257254350528907327e+00,2.399763447170590425e+00,-1.323300636281933285e+00,1.203134221356761513e+00,-6.612467024225373580e-01,2.266684779632393898e+00,-1.133199888882214124e+00,-5.968497191508409516e-01
4.230860805027811811e-01,-1.561018812054336014e+00,-2.864986778167932235e-01,-2.110992652445300433e-01,-3.632938466484951223e-01,-1.277490481514805820e-01,1.433164113727509407e-03,-1.088164725114929426e-01,2.564957574283196706e+00,2.723931629407009503e+00,2.335886778060990654e+00,2.657624832300888418e+00,-6.216230988904299926e-01,4.983941542412416159e-01,-1.967583427573700305e-01,2.346352536586788329e+00,-1.364405709653183418e+00,-6.030232260344735584e-01
-1.398677343290330333e+00,-5.634213971416012212e-01,-2.864986778167932235e-01,-2.110992652445300433e-01,-3.984737649907394985e-01,-1.304739008069731032e-01,-3.806486455201482100e-01,-1.137222632181694865e-01,1.975079327270206297e+00,2.051772758876708291e+00,1.930042594655417387e+00,1.935014038792155500e+00,-9.003718672458134176e-01,1.303811328116404766e+00,-1.277198570703775848e+00,1.935164725403959673e+00,-1.071259603311133679e+00,-4.857091526997763253e-01
-1.574106413729666976e+00,-1.440619124047626709e+00,3.473796468528618675e+00,-2.110992652445300433e-01,-1.697928557467378585e-01,-1.055247951279584817e-01,-1.606620145460432580e-01,-1.123151768893148883e-01,1.972206572980423678e+00,1.957983446762552093e+00,2.008674793900176336e+00,1.923020624060506334e+00,-1.736617480246436918e+00,1.872341317379866421e+00,-1.368076712224675306e+00,2.014832251065238999e+00,-8.809823384711625849e-01,-5.500561144972572203e-01
-3.572841141548391969e-02,-1.922217876074464149e+00,-2.864986778167932235e-01,-2.110992652445300433e-01,-2.929291971133260453e-01,-1.243429467253449883e-01,5.932509576769551263e-02,-6.763038409712834875e-02,2.749773071078851050e+00,2.924015682829636198e+00,2.439884210232682982e+00,2.921482385087951883e+00,-6.312351104702379478e-01,8.384126137274516832e-02,5.201691646125974344e-01,2.451719271535355738e+00,-1.453624250497071557e+00,-7.575005026177134004e-01
-1.088302834051503964e+00,-7.526209068664302393e-01,-2.864986778167932235e-01,-2.110992652445300433e-01,-4.688376134395781936e-01,-1.235808275828903097e-01,-3.806486455201482100e-01,-1.153577123639079050e-01,1.826652223845442791e+00,1.714130391159827127e+00,1.884385129729473585e+00,1.848060972424105719e+00,-2.524803467888974584e+00,1.901952108856989510e+00,-5.905636832666951719e-01,1.888906102428219214e+00,-7.264712800069493825e-01,-6.653612169827757272e-01
-1.587600957609615948e+00,-1.801818188067754845e+00,-2.864986778167932235e-01,-2.110992652445300433e-01,-2.049747942197283346e-01,-1.147211128030357491e-01,-3.459138825039865806e-01,-1.156617194795536846e-01,2.625285672919098534e+00,2.823973656118322850e+00,2.363788511451884844e+00,2.717592175813666966e+00,-3.044264572321968010e-01,3.207287124827957747e-01,-2.270511171830975894e-01,2.374621643673493487e+00,-1.437879861626403910e+00,-5.606073797108469536e-01
8.549114846611484131e-01,-1.389019257759037007e+00,-2.864986778167932235e-01,-2.110992652445300433e-01,-3.632922508085327240e-01,-1.189812021717565199e-01,-1.953965274719611234e-01,-1.065146946395880284e-01,1.857295367187241419e+00,1.764151517062939378e+00,1.876775400050265885e+00,1.905030097181236837e+00,-2.371011196103857355e+00,1.659142638030655537e+00,-3.381243810690541807e-01,1.881196177736852215e+00,-7.974905695334969513e-01,-6.861528596840599237e-01
3.691079049829852909e-01,-1.801818188067754845e+00,-2.864986778167932235e-01,-2.110992652445300433e-01,-3.632926307704284485e-01,-1.210252549260662364e-01,-4.269614718338719528e-01,-1.167081792380449679e-01,1.939648475570829866e+00,1.807919984642622380e+00,1.973163330830075335e+00,2.006975174832925646e+00,-2.793940051648168943e+00,1.824963773858186311e+00,-1.765632203923127030e-01,1.978853219287167287e+00,-7.414743608762064397e-01,-7.147485025277625637e-01
-6.271749917538187169e-02,-8.386206840140797425e-01,-2.864986778167932235e-01,-2.110992652445300433e-01,-5.040187381608418615e-01,-1.294520796673551966e-01,-4.385398164829583112e-01,-1.187041376936754239e-01,1.674394695184146187e+00,1.579698926559270244e+00,1.808289202661349959e+00,1.590199857148337337e+00,-2.236442514937402315e+00,2.310583195207882135e+00,-1.590223330874730001e+00,1.811808243273241636e+00,-6.441898924373270496e-01,-5.644176140362319183e-01
2.476570100634445382e-01,-1.698618455490575441e+00,-2.864986778167932235e-01,-2.110992652445300433e-01,-2.049752058451154435e-01,-1.106338556494196462e-01,-3.574924855796580703e-01,-1.077895603405305130e-01,2.340880412725924842e+00,2.383162524543887439e+00,2.229352617138013137e+00,2.408758778073858409e+00,-1.515541213910855278e+00,1.137990192288873770e+00,-3.482219422515829277e-01,2.238415672545688739e+00,-1.116568889940979581e+00,-6.469483014482247940e-01
7.604496775015054943e-01,-1.647018589201985517e+00,-2.864986778167932235e-01,-2.110992652445300433e-01,-3.808836000069237282e-01,-1.208518598998374466e-01,-4.385400769936287912e-01,-1.168787261737565669e-01,2.610922160020658467e+00,2.802089366054754116e+00,2.340959778988912721e+00,2.720590529496579535e+00,-3.620985267110440331e-01,2.496624504999457872e-01,-4.529483414129878427e-02,2.351492332185623368e+00,-1.438271682784919347e+00,-5.926198376971036907e-01
-2.381465696147185285e-01,-1.750218321779165143e+00,-2.864986778167932235e-01,-2.110992652445300433e-01,-3.984757851214855706e-01,-1.196233786307598912e-01,-2.996010666106896370e-01,-1.153108708101516777e-01,2.318855790803945549e+00,2.330015252368676570e+00,2.234425618065935204e+00,2.384771516843310568e+00,-1.784677711161857916e+00,1.309733561031366955e+00,-3.583195034341115082e-01,2.243555468144523779e+00,-1.052236170082752276e+00,-6.604917968965412500e-01
1.367704152099209480e+00,-6.838210851483105257e-01,-2.864986778167932235e-01,-2.110992652445300433e-01,-3.281107239609293846e-01,-1.195746207489072205e-01,-3.227582769302033139e-01,-1.142927167231622410e-01,1.384243667860936000e+00,1.170151255423163450e+00,1.663707192347974040e+00,1.245385675504519396e+00,-3.101524422202021292e+00,3.092311597322205508e+00,-2.014321173175357860e+00,1.665322565301211588e+00,-2.690694542787253618e-01,-5.762808536689778549e-01
-4.270701839340041439e-01,-1.612618678342925715e+00,-2.864986778167932235e-01,-2.110992652445300433e-01,-2.225653518308364498e-01,-1.032255622465970829e-01,-2.532876880143443699e-01,-1.033401004633203724e-01,2.362905034647904579e+00,2.420678418210733707e+00,2.254717621777621694e+00,2.411756969844052190e+00,-1.390584890356970638e+00,1.179445609494931491e+00,-5.501734385365806279e-01,2.264114650539862161e+00,-1.129380826868349397e+00,-6.139283440680888271e-01
-8.723901319723202930e-01,-1.217019703463737779e+00,-2.864986778167932235e-01,-2.110992652445300433e-01,-3.808832200450280037e-01,-1.177863504766921698e-01,-3.806488956103918908e-01,-1.118968116530809215e-01,1.927199658189713505e+00,1.914214866635412404e+00,1.945261825726506633e+00,1.899033362829958493e+00,-1.688557595363779029e+00,1.706520181552335869e+00,-1.135832623270232933e+00,1.950584343493577677e+00,-9.011036310607746236e-01,-5.702734357313161695e-01
7.334605897416075493e-01,-3.742218874167721476e-01,-2.864986778167932235e-01,-2.110992652445300433e-01,-4.688364038942098855e-01,-1.226399986655316715e-01,-4.153839212213094045e-01,-1.161180939479870555e-01,2.529526334758112949e+00,2.630141613871254336e+00,2.356179010060001744e+00,2.612648717493612160e+00,-1.131060318177584900e+00,8.596475904711152749e-01,-2.775390139738823092e-01,2.366911950275241594e+00,-1.241012598976500625e+00,-6.337911070850542616e-01
-1.706738502149736658e-01,-1.595418722913395815e+00,-2.864986778167932235e-01,-2.110992652445300433e-01,-4.336552886719936550e-01,-1.252384640593603438e-01,-2.880227011207497356e-01,-1.121089596673540689e-01,1.969333818690641724e+00,1.907962292722575448e+00,1.965553829438193123e+00,2.012971909184203767e+00,-2.169158433878746628e+00,1.588076429347474949e+00,-4.290025225899535832e-01,1.971143525888915837e+00,-8.702924399060463223e-01,-6.700696782835322551e-01
-2.921247451345144186e-01,-1.010620238309378971e+00,-2.864986778167932235e-01,-2.110992652445300433e-01,-3.984741576180318434e-01,-1.154205136808434951e-01,-2.648668246158690787e-01,-1.100671339877501292e-01,1.853464941950707656e+00,1.782909576443818533e+00,1.876775400050265885e+00,1.875046425424847341e+00,-2.159546422298938673e+00,1.682831249892485781e+00,-6.006612444492237524e-01,1.881196177736852215e+00,-8.200884459798541970e-01,-6.509180837649515272e-01
6.659878703418626866e-01,-1.251419614322797580e+00,-2.864986778167932235e-01,-2.110992652445300433e-01,-2.929287854879388808e-01,-1.140201554581894289e-01,-3.459138825039865806e-01,-1.097216853581420570e-01,1.818991373372375264e+00,1.736014653086532800e+00,1.866629398194423084e+00,1.824073738179011528e+00,-2.246054613025400659e+00,1.824963773858186311e+00,-7.521247530652950264e-01,1.870916586539183468e+00,-7.737248043925061269e-01,-6.392809559559476940e-01
-6.024992543733408423e-01,-1.423419168618096808e+00,-2.864986778167932235e-01,-2.110992652445300433e-01,-4.160651268545270676e-01,-1.182960256094107154e-01,-3.922269901692345684e-01,-1.115737919123015037e-01,1.903259823649467108e+00,1.779783120666216023e+00,1.940188596511260410e+00,1.959001003182720302e+00,-2.688207578237518547e+00,1.819041647542563700e+00,-2.775390139738823092e-01,1.945444316601628421e+00,-7.441888773110785227e-01,-7.017386720247620335e-01
-7.779283248126774852e-01,-8.902205503026694444e-01,-2.864986778167932235e-01,-2.110992652445300433e-01,-8.183927610391440732e-02,-1.110595160480301880e-01,-2.301318115094637962e-01,-1.164223793262222778e-01,2.297788581278245701e+00,2.323762678455839392e+00,2.211596885602963081e+00,2.351789248534931431e+00,-1.630885266360359243e+00,1.280122822853913878e+00,-4.693927673200680717e-01,2.220426156656653660e+00,-1.071369793939384474e+00,-6.408600834827935522e-01
-4.405647278139531164e-01,-1.148219881745618176e+00,-2.864986778167932235e-01,-2.110992652445300433e-01,-4.688380187322671588e-01,-1.308145013394947653e-01,-3.690705718021592419e-01,-1.136842216417945500e-01,2.298746252224996844e+00,2.333141398640775410e+00,2.206523884675041014e+00,2.351789248534931431e+00,-1.553989260230086877e+00,1.238667405647856601e+00,-4.794904193807386084e-01,2.215286361057818620e+00,-1.087256819189758694e+00,-6.325394120516937280e-01
-7.779283248126774852e-01,-1.561018812054336014e+00,-2.864986778167932235e-01,-2.110992652445300433e-01,-3.105201663498212694e-01,-1.070602694035782954e-01,-1.722401091048858524e-01,-1.060422294058901149e-01,2.304491760804561640e+00,2.311257389945844398e+00,2.242035347745142015e+00,2.348791056764738538e+00,-1.813513659393090949e+00,1.451866084997067263e+00,-5.703685609016380109e-01,2.251265392835890555e+00,-1.023190052440674735e+00,-6.370047678720737183e-01
4.755220224363003109e-03,-1.320219436040917182e+00,3.473796468528618675e+00,-2.110992652445300433e-01,-4.160655258145177227e-01,-1.174342546419131078e-01,-9.119223842347630449e-02,-1.114759102227660115e-01,2.261400187907354642e+00,2.245604660439456168e+00,2.214133386066924114e+00,2.309811892192363381e+00,-1.986530040846014700e+00,1.522932240380577618e+00,-5.097831029283244053e-01,2.222996054456070958e+00,-9.814068219265784654e-01,-6.523580556884164272e-01
-3.191138328944123637e-01,-3.022277882617390929e-02,3.473796468528618675e+00,-2.110992652445300433e-01,-3.984741576180318434e-01,-1.121082828507770912e-01,-2.301315405783664336e-01,-1.103827925022195788e-01,-8.708910081468964615e-01,-8.963452102846046765e-01,-8.677454964342916632e-01,-8.414892342187911822e-01,4.741472593059609664e-01,-6.919650837155257861e-01,6.817303071137106318e-01,-8.994609964064066432e-01,1.848775637707665842e+00,-7.559082931816090145e-01
-1.398677343290330333e+00,-1.302282339664399997e-02,-2.864986778167932235e-01,-2.110992652445300433e-01,-4.688374804529147344e-01,-1.222146808276134977e-01,-4.501183278588736791e-01,-1.153577092835102458e-01,-9.446257735104919284e-01,-9.276083949816666951e-01,-9.768161075980185126e-01,-9.134504444695570324e-01,9.259122707011628872e-01,-9.999187275188559099e-01,7.322181639181132295e-01,-1.009967707362438016e+00,5.820765213838207108e-01,-7.080681999143975114e-01
-1.074808290171554992e+00,-5.806213525711311219e-01,-2.864986778167932235e-01,-2.110992652445300433e-01,-3.632925357799545729e-01,-1.236618457156126449e-01,-3.806488268355748827e-01,-1.146349732393456972e-01,-8.996188380357438286e-01,-9.244820767933290551e-01,-8.575993872834057896e-01,-9.164488281063221109e-01,5.029833546011182044e-01,-4.432332573849890878e-01,2.273395904213995067e-01,-8.891812965009736613e-01,2.476015884330822647e+00,-5.024398244815660997e-01
-1.439160974930177250e+00,-6.150212634301909231e-01,-2.864986778167932235e-01,-2.110992652445300433e-01,-1.170209296054830067e-01,-8.637394651696202186e-02,-1.490838157829324218e-01,-1.015650387620631173e-01,-8.833397350353481281e-01,-8.932188951913221375e-01,-8.753550777267377070e-01,-8.744714593504450129e-01,6.279396175992689733e-01,-6.682763492644546721e-01,4.797788744434121067e-01,-9.071707707572487234e-01,1.933462128187563245e+00,-5.701506966415139654e-01
-9.803464830119120732e-01,-3.570219319872422470e-01,-2.864986778167932235e-01,-2.110992652445300433e-01,-3.808833245345492613e-01,-1.198300779132973615e-01,-3.690705718021592419e-01,-1.136842308829875553e-01,-8.842973335879674712e-01,-9.088504847261668074e-01,-8.601359151418455085e-01,-8.804682260842664476e-01,4.933713257196722379e-01,-5.557548299745568299e-01,4.292910230916980319e-01,-8.917512220555646740e-01,2.096064301932889951e+00,-5.908163297756816590e-01
-9.533573952520141281e-01,-5.462214417120712096e-01,-2.864986778167932235e-01,-2.110992652445300433e-01,-1.522026147705429489e-01,-9.607306282119447427e-02,-3.690705718021592419e-01,-1.168787170352434679e-01,-8.747213894298498937e-01,-9.119768026331357413e-01,-8.220880315083476386e-01,-8.924617595519093172e-01,3.684150454198831803e-01,-3.484783302406386229e-01,2.071444680563421514e-01,-8.532023734306662943e-01,2.294342770020384226e+00,-5.427233195961496115e-01
-6.024992543733408423e-01,-6.150212634301909231e-01,-2.864986778167932235e-01,3.483137876534746269e+00,7.112810273992228538e+00,1.304206426728208612e+01,8.777749112282796418e+00,1.411531469330344990e+01,7.847894870318469218e-01,7.262140057134932603e-01,7.987519733626620155e-01,8.166170510300932994e-01,-1.179120376076624233e+00,7.412038915659248106e-01,-2.509971177624144290e-02,7.889787422081182555e-01,-5.144382502524506018e-01,-6.936809854459505820e-01
2.071733784235976206e-01,2.137708746241582386e-02,-2.864986778167932235e-01,-2.110992652445300433e-01,-2.929291971133260453e-01,-1.212776315731964039e-01,-3.111792862146541272e-01,-1.087023571262410587e-01,-8.938732777460848267e-01,-9.213557586049916370e-01,-8.652089731415982810e-01,-8.924617595519093172e-01,4.741472593059609664e-01,-5.320660582137168859e-01,4.090958916388265920e-01,-8.968910754776778793e-01,2.421709411936546541e+00,-5.944988231047833027e-01
-7.509392370527795402e-01,2.793764189053645208e-01,-2.864986778167932235e-01,-2.110992652445300433e-01,2.875679748403362490e-01,-9.072732734726596249e-02,-1.027707497993917002e-01,-1.023666414063113816e-01,-4.916836541312104569e-01,-4.774185713591591051e-01,-4.898031605632737762e-01,-5.026718732797001987e-01,5.318193893405419592e-01,-3.899335875476863111e-01,1.061687380894717203e-01,-4.857032874241602460e-01,-1.610780198241265337e-01,-2.324194059659185907e-01
-1.560611869849718003e+00,-7.354209514369003386e-01,-2.864986778167932235e-01,-2.110992652445300433e-01,3.227497866593614928e-01,1.846683453398753894e-01,2.930731122780754649e+00,6.147726580103458627e-01,-3.480444917594494036e-01,-4.399027339660407931e-01,-2.818080451038328937e-01,-3.347623669530658264e-01,-5.639511159197733159e-01,1.785961352174257333e-01,2.879250211312704977e-01,-3.058086836372791995e-01,4.003965888907958237e-01,-6.997001386257405420e-01
-1.601095501489564921e+00,-7.182209960073703270e-01,-2.864986778167932235e-01,3.483137876534746269e+00,6.921571642575774508e-01,6.945971271352632814e-02,6.498157752704919465e-01,1.732111032084202029e-01,-6.362803840295341296e-01,-7.118924425186925475e-01,-5.735084748796168697e-01,-6.316023769466784232e-01,-1.794702201865032432e-01,-8.198003435379523640e-02,3.283153203882699378e-01,-6.013498448635112847e-01,9.014322758401570601e-01,-6.721559863021476788e-01
-6.834665176530346775e-01,1.073768646100653895e-01,-2.864986778167932235e-01,-2.110992652445300433e-01,-5.392007969550993707e-01,-1.308144960286544700e-01,-5.195878413866847900e-01,-1.191985243206860057e-01,-9.455833694776064613e-01,-9.276083949816666951e-01,-9.692065285884455816e-01,-9.254439792864724845e-01,9.355242822809707315e-01,-9.406968674063266311e-01,6.211448764038396408e-01,-1.002257935324527116e+00,2.537110759249467939e+00,-4.835162655969127976e-01
-1.128786465691350882e+00,-8.214207285845498419e-01,-2.864986778167932235e-01,3.483137876534746269e+00,4.263095422123923228e+00,3.084592958338268631e-01,5.003238767509901486e+00,2.061321345379373005e-01,4.630379039705587729e-01,4.073294441457155357e-01,4.892957207368976991e-01,4.807979304350121774e-01,-8.907596826496237963e-01,5.635382899084694364e-01,-2.509971177624144290e-02,4.754479725756044495e-01,-5.517377559211974480e-01,-6.517593018318413867e-01
-1.196259185091095745e+00,3.825761514825439802e-01,-2.864986778167932235e-01,-2.110992652445300433e-01,-5.216099607052676612e-01,-1.269827212601720989e-01,-2.764445440393461517e-01,-9.832027518049080150e-02,-9.369650187010989395e-01,-9.182294401352852908e-01,-9.717430564468853005e-01,-9.044552930195520757e-01,9.355242822809707315e-01,-1.011763097409374978e+00,7.423157360060187449e-01,-1.004827860879118129e+00,-7.538638344128694158e-01,-7.634659814933419941e-01
-4.135756400540551714e-01,3.653761960530140795e-01,-2.864986778167932235e-01,-2.110992652445300433e-01,-4.688374899519621164e-01,-1.287708833843672074e-01,-4.385400832458848375e-01,-1.177914288019783623e-01,-9.293042638917058396e-01,-9.276083949816666951e-01,-9.260855915209413869e-01,-9.254439792864724845e-01,7.721199297094929470e-01,-7.393425579476350373e-01,4.494861727201978074e-01,-9.585692379033776689e-01,2.537110759249467939e+00,-4.835162655969127976e-01
-1.439160974930177250e+00,-5.634213971416012212e-01,-2.864986778167932235e-01,-2.110992652445300433e-01,-2.753383861942873545e-01,-1.228954923850560932e-01,-4.038053139774672173e-01,-1.172209846408585332e-01,-8.862125203511870275e-01,-9.119768026331357413e-01,-8.474532872640129222e-01,-8.984585262857307519e-01,4.837592968382259939e-01,-4.550776699152440097e-01,2.677298624149565542e-01,-8.789016058472652881e-01,2.212241514435866474e+00,-5.283586137068673194e-01
-7.644337809327285127e-01,-3.398219765577123463e-01,-2.864986778167932235e-01,-2.110992652445300433e-01,-3.984741417862861512e-01,-1.182122145724661122e-01,-3.111793278963614351e-01,-1.096150610893018573e-01,-9.034492219042021821e-01,-9.244820767933290551e-01,-8.753550777267377070e-01,-9.074536763864629041e-01,5.414314268728069868e-01,-5.439104707439716968e-01,3.586080039358559568e-01,-9.071707707572487234e-01,2.482804154890366988e+00,-5.419171148746265709e-01
-1.074808290171554992e+00,-2.538221994100627876e-01,-2.864986778167932235e-01,3.483137876534746269e+00,7.464626175738088065e+00,1.626788916915531125e-01,5.142177652847719216e+00,4.407642794924997165e-02,3.289747271249905958e-01,2.478873181145786753e-01,3.903712894931273270e-01,3.308788160603823303e-01,-1.015715919695317604e+00,6.997485809592073336e-01,-1.260754144796694398e-01,3.752210332258718029e-01,-2.826472710577814795e-01,-6.541557280522769524e-01
-8.858846758522692655e-01,-4.086217982758319489e-01,-2.864986778167932235e-01,-2.110992652445300433e-01,-3.632924882847175518e-01,-1.124219741833414193e-01,-3.343358212905098159e-01,-1.158519190443546426e-01,-9.063219994635269838e-01,-9.244820767933290551e-01,-8.778916055851774258e-01,-9.134504444695570324e-01,5.702674875646879249e-01,-5.439104707439716968e-01,3.283153203882699378e-01,-9.097406963118396250e-01,2.476015884330822647e+00,-5.190091527158408047e-01
-7.779283248126774852e-01,2.277765526167747634e-01,-2.864986778167932235e-01,-2.110992652445300433e-01,1.518926385674589596e+00,-4.623834947871439255e-02,1.301175885305751699e-02,-8.667371771513610046e-02,-5.577576750274317874e-01,-6.743766191940061550e-01,-4.263899869310119328e-01,-5.956217819408402558e-01,-6.216230988904299926e-01,4.628611298491565051e-01,-1.361729756621981868e-01,-4.522942922213750161e-01,1.045085796424178648e+00,-6.201809836773307660e-01
1.367704152099209480e+00,-2.194222885510029308e-01,-2.864986778167932235e-01,-2.110992652445300433e-01,-5.040191371208324611e-01,-1.294520877140828974e-01,-4.385400832458848375e-01,-1.173350740480900573e-01,-9.158979462071491495e-01,-9.244820767933290551e-01,-9.032568522093498142e-01,-9.134504444695570324e-01,6.663877071725960999e-01,-6.623541696491621611e-01,4.292910230916980319e-01,-9.354399194767141212e-01,2.439359135332735296e+00,-5.230111267896631055e-01
1.435176871498954343e+00,2.137708746241582386e-02,-2.864986778167932235e-01,-2.110992652445300433e-01,4.810673382386397856e-01,2.125125980435414452e-01,-1.606620145460432580e-01,-5.344532430619191449e-02,-8.814245482721283498e-01,-8.869662593773843806e-01,-8.702820197269849345e-01,-8.804682260842664476e-01,6.663877071725960999e-01,-6.445875775036147282e-01,3.989983122806696203e-01,-9.020309173351354071e-01,2.076857041704325280e+00,-4.992541871962410394e-01
-2.921247451345144186e-01,3.857704289194573838e-02,-2.864986778167932235e-01,-2.110992652445300433e-01,-3.105200080323646805e-01,-1.124649793446269308e-01,-3.690705447090494862e-01,-1.124053750402643076e-01,-9.130251608913100281e-01,-9.151031219469478728e-01,-9.159394892186754067e-01,-8.984585262857307519e-01,7.240598199055389150e-01,-7.689534826739325979e-01,5.504618845114400694e-01,-9.482895449367382268e-01,2.201961894509350426e+00,-5.753246558800320098e-01
-1.668568220889309783e+00,-7.182209960073703270e-01,-2.864986778167932235e-01,-2.110992652445300433e-01,3.242827438914942739e+00,6.017481142735829458e+00,1.379245444315373659e+00,1.989162516525503355e+00,-4.074153331293546287e-01,-5.336922993119725955e-01,-3.071733008594980663e-01,-4.007268226134640399e-01,-8.330876131707763976e-01,3.681060961054660741e-01,2.475347582255275625e-01,-3.315079160538780823e-01,7.568269809553516136e-01,-7.041220163359399598e-01
1.421682327619005370e+00,2.137708746241582386e-02,-2.864986778167932235e-01,-2.110992652445300433e-01,-5.216099607052676612e-01,-1.290263339734313008e-01,-4.848530804546085093e-01,-1.179435477720339187e-01,-9.417529907801576172e-01,-9.276083949816666951e-01,-9.590604262861794904e-01,-9.254439792864724845e-01,8.970762013584627770e-01,-8.933193878442504676e-01,5.807545953224684254e-01,-9.919782423578875630e-01,2.537110759249467939e+00,-4.835162655969127976e-01
-8.993792197322182380e-01,-2.366222439805328592e-01,-2.864986778167932235e-01,-2.110992652445300433e-01,-3.281108506148946447e-01,-1.257054673952255619e-01,4.774650102836550808e-02,-1.022753599821816239e-01,-8.479087540607364026e-01,-8.869662593773843806e-01,-8.119419155088420936e-01,-8.444876202842471757e-01,3.299669991006514702e-01,-4.432332573849890878e-01,4.090958916388265920e-01,-8.429226665864397727e-01,1.940992217012505572e+00,-6.049677492424549996e-01
-8.858846758522692655e-01,-4.742273425570382034e-02,-2.864986778167932235e-01,-2.110992652445300433e-01,7.647821214838122772e-02,-8.583481116469772465e-02,-2.417098643865990826e-01,-1.003032739924075017e-01,-4.658286069726972345e-01,-6.306081797511868814e-01,-2.488332194700877686e-01,-5.596411869350023105e-01,-1.140672243249201800e+00,1.137990192288873770e+00,-7.420271918827662239e-01,-2.723996884344939695e-01,1.135056642338164945e+00,-5.712840773484976209e-01
2.071733784235976206e-01,3.857704289194573838e-02,-2.864986778167932235e-01,-2.110992652445300433e-01,-3.984741987805706098e-01,-1.263866661152225068e-01,1.301175885305751699e-02,-8.071256500338436224e-02,-8.574846878768349612e-01,-8.838399386567289406e-01,-8.271610849423539635e-01,-8.594795398173460388e-01,4.549232361463450558e-01,-4.906108009066690867e-01,3.586080039358559568e-01,-8.583422222269171398e-01,1.891356947490565821e+00,-5.731950621322542405e-01
3.174430798426094991e-02,3.481762406234841234e-01,-2.864986778167932235e-01,-2.110992652445300433e-01,-1.346117405245216836e-01,-1.286857341536198351e-01,-3.574923230209997027e-01,-1.132659062053228971e-01,-8.507815342055659036e-01,-9.025978489122289394e-01,-7.891131830458700813e-01,-8.654763038526221974e-01,2.146226871265749792e-01,-2.655677090272034468e-01,2.273395904213995067e-01,-8.197933550985695428e-01,2.164864382998259451e+00,-5.880543154930916172e-01
-1.371688255530432388e+00,1.073768646100653895e-01,-2.864986778167932235e-01,-2.110992652445300433e-01,-4.512466537021304069e-01,-1.297075385560441385e-01,-4.616965849763747243e-01,-1.179435474639941445e-01,-9.455833694776064613e-01,-9.276083949816666951e-01,-9.692065285884455816e-01,-9.254439792864724845e-01,9.355242822809707315e-01,-9.406968674063266311e-01,6.211448764038396408e-01,-1.002257935324527116e+00,1.559593640316644825e+00,-4.835162655969127976e-01
8.953951163009953307e-01,-6.462268968523372792e-02,-2.864986778167932235e-01,-2.110992652445300433e-01,-2.577476702657227059e-01,-1.017489831203531869e-01,-3.459137574588647124e-01,-1.115737970462976208e-01,7.138182306642118502e-02,9.157128208181253282e-02,9.613426793845264440e-02,2.204522942240200178e-02,1.281144964001130204e-01,2.318958050547284266e-01,-5.299782252933816773e-01,7.710988168297645828e-02,-6.664794110776808278e-01,-4.268309419881604061e-01
1.273242344939566451e+00,-7.354209514369003386e-01,-2.864986778167932235e-01,-2.110992652445300433e-01,-2.049753958260633890e-01,-1.239173040295353106e-01,-4.038053139774672173e-01,-1.099193175117989946e-01,6.755147539502888432e-02,9.469773785941482114e-02,9.613426793845264440e-02,7.053380051481006677e-03,1.953986639669592629e-01,2.555845768155682873e-01,-6.410515800574800860e-01,7.710988168297645828e-02,-6.170070741254187752e-01,-3.990297044968464379e-01
1.531952029038017027e-01,-1.337419391470447305e+00,-2.864986778167932235e-01,-2.110992652445300433e-01,-2.225659534371715043e-01,-9.598880438619120103e-02,-1.143490736076244324e-01,-1.038305901305796863e-01,4.132429964167519398e-01,4.260873628422746084e-01,4.512479854901610410e-01,3.518674267680342305e-01,-2.179182665057348145e-01,6.049934939158470026e-01,-8.026125589779381508e-01,4.368992742912308769e-01,-7.208046224770011667e-01,-4.524208879258406202e-01
-7.914228686926264578e-01,6.405754829254926008e-01,-2.864986778167932235e-01,-2.110992652445300433e-01,3.403408508863307036e-01,-3.851123323013678351e-02,3.616830226525468567e-02,-1.150913288146733632e-01,-3.681539786283035687e-01,-4.148922413566446532e-01,-2.843445683965261095e-01,-4.187171066236565209e-01,-1.314100757792728558e-01,2.851954748920311200e-01,-3.482219422515829277e-01,-3.083786045660078523e-01,1.224493225519149991e-02,-5.119441521924839034e-01
8.819005724210463582e-01,-3.054220656986524896e-01,-2.864986778167932235e-01,-2.110992652445300433e-01,-1.147581078332064741e-02,-7.870230900709662691e-02,-9.119265524054910588e-02,-1.022753322586026081e-01,2.236393000176237766e-01,2.322556019638461755e-01,2.813006737636539190e-01,1.449790257235553381e-01,-1.025739545316581708e-01,5.872270616693091583e-01,-8.934907004988374979e-01,2.647143176439781254e-01,-5.596996776393676765e-01,-4.204708255165837127e-01
-1.182764641211146772e+00,-7.698208622959601399e-01,-2.864986778167932235e-01,-2.110992652445300433e-01,-2.929290071323781830e-01,-1.274084837372708445e-01,-1.014455530974959878e-02,-8.999180400242702549e-02,1.738444441739113444e-01,2.291293150074275031e-01,1.798396963984581487e-01,1.119967304297236760e-01,3.684150454198831803e-01,1.845183148327181333e-01,-7.016368562745103343e-01,1.619174342362055818e-01,-7.227879658089654269e-01,-3.499250266680346555e-01
9.898569234606381384e-01,7.297695375100556048e-02,-2.864986778167932235e-01,-2.110992652445300433e-01,1.644323300705571034e-01,-3.067739898008625676e-02,1.240306350569019944e+00,4.918611972142321598e-01,9.436406422505771996e-02,1.415924361217888727e-01,9.613426793845264440e-02,4.603232874023144988e-02,3.588030338400751695e-01,8.976344098803776261e-02,-5.299782252933816773e-01,7.710988168297645828e-02,-7.664113578207121247e-01,-3.642096379266153705e-01
8.953951163009953307e-01,-3.742218874167721476e-01,-2.864986778167932235e-01,-2.110992652445300433e-01,-2.577472586403355415e-01,-1.135776268193098709e-01,-3.111792653738004732e-01,-1.073214107439670606e-01,2.054450257670364377e-01,1.697293000981956179e-01,2.990563596412394443e-01,1.269886877424567795e-01,-4.966667753365457405e-01,8.241142995806806093e-01,-8.833931393163091395e-01,2.827037872743909386e-01,-4.420699723041200402e-01,-4.834569481162085958e-01
1.597111398058342013e+00,-4.742273425570382034e-02,-2.864986778167932235e-01,-2.110992652445300433e-01,7.977022514162485090e-01,-3.126223514740675974e-02,-2.185534668603774933e-01,-1.006729196591062969e-01,2.782222003345268813e-01,3.322979100437988831e-01,2.813006737636539190e-01,2.199385424326907867e-01,2.722948431136132386e-01,2.496624504999457872e-01,-7.117344174570386928e-01,2.647143176439781254e-01,-7.825906411685309427e-01,-3.657404136908117831e-01
1.421682327619005370e+00,-9.902260054429355696e-02,-2.864986778167932235e-01,-2.110992652445300433e-01,4.282950321354890844e-01,-1.101383533331059261e-01,-2.417100311134282309e-01,-1.106654777212790763e-01,5.031474281595716552e-02,1.653974797989585244e-02,1.316457310085533128e-01,-1.393528462707693989e-02,-3.524866016394271884e-01,6.109156202314698358e-01,-6.713442636050658274e-01,1.130889134610478242e-01,-3.879956700239782785e-01,-4.911086466189814037e-01
3.556133611030363184e-01,-5.806213525711311219e-01,-2.864986778167932235e-01,-2.110992652445300433e-01,2.046651029880662165e+00,-2.626020530026526578e-02,-3.922271089621002793e-01,-1.155015055324633833e-01,-1.392889535831710046e-01,-1.585340942019734245e-01,-6.873986023027275905e-02,-2.028334826177224104e-01,-6.412590821242661332e-02,3.799505619353912289e-01,-5.804661220841664804e-01,-8.993509433094949712e-02,-3.165295036142372620e-01,-4.528291204470955011e-01
6.929769581017606317e-01,-3.914218428463020483e-01,-2.864986778167932235e-01,-2.110992652445300433e-01,6.114778491278879957e-03,-1.136992174725887234e-01,-2.417097393414772699e-01,-1.128095560720310947e-01,4.726138377866571649e-01,4.886137209816531768e-01,5.222706833430376117e-01,3.938448640669622303e-01,-2.371422896653505308e-01,7.352817119506321886e-01,-1.004564146141077696e+00,5.088571065542586425e-01,-6.801013920845868643e-01,-4.269529115538888142e-01
-8.970658693527981675e-02,5.577699832147564596e-02,-2.864986778167932235e-01,-2.110992652445300433e-01,-3.984741576180318434e-01,-1.222994464363666989e-01,-1.606619728643359502e-01,-9.771179806810952051e-02,-4.275248458532559526e-01,-4.742922844027405715e-01,-3.502942424927487641e-01,-4.696896319567747113e-01,-8.334993137204231572e-02,1.904406010473505273e-01,-2.371486783656261699e-01,-3.751966181008897783e-01,6.091399932222898994e-02,-5.248201496336153404e-01
-1.115291921811401910e+00,-1.131019926316088275e+00,-2.864986778167932235e-01,-2.110992652445300433e-01,-1.697928557467378585e-01,-1.090653888707118629e-01,-3.343360692966681480e-01,-1.157534205565258767e-01,7.397827015163724873e-01,7.449718118625964225e-01,8.088979752185052607e-01,6.457090021223751419e-01,-5.543391043399655826e-01,1.090612648767193882e+00,-1.277198570703775848e+00,7.992583334057873357e-01,-6.882145015030757262e-01,-4.426722363214291023e-01
1.246253257179668505e+00,4.341760177711336821e-01,-2.864986778167932235e-01,-2.110992652445300433e-01,4.129655864681262140e-02,-7.282691722610337703e-02,-3.227576100228867761e-01,-1.142927018345735179e-01,-2.072781353875650934e-01,-3.242289629671313289e-01,-5.605719810934144121e-02,-2.717963729173921150e-01,-9.099838788256211508e-01,8.892583819482381413e-01,-5.602709088409675298e-01,-7.708544342868278720e-02,2.663075708506654760e-01,-5.755874483513016004e-01
-1.493139150449973140e+00,3.997761069120738808e-01,3.473796468528618675e+00,-2.110992652445300433e-01,-3.281108189514033713e-01,-1.205964356120775016e-01,-3.111792862146541272e-01,-1.118968414302583814e-01,-6.851177240567781768e-01,-7.025134831704129557e-01,-6.470677416826516870e-01,-7.065619476267198662e-01,3.972511061117640629e-01,-2.951786604033359573e-01,8.597357937315774912e-02,-6.758776443138907464e-01,2.843139951668084975e-01,-4.928246853039924824e-01
-1.385182799410381360e+00,-6.150212634301909231e-01,-2.864986778167932235e-01,-2.110992652445300433e-01,-1.147562080237284066e-02,-1.025494991781079612e-01,-2.996010666106896370e-01,-1.130995310521746289e-01,6.966909993439291959e-01,6.418034137842730802e-01,8.291903441899112215e-01,5.857413887550669829e-01,-1.073388248698737391e+00,1.499243628518747373e+00,-1.428661988441705555e+00,8.198178858701092864e-01,-4.994008585288881585e-01,-4.903636190613411272e-01
7.222793962410786750e-02,-1.561018812054336014e+00,-2.864986778167932235e-01,-2.110992652445300433e-01,-2.577474802847747881e-01,-1.074235469711326552e-01,-3.690704321684398215e-01,-1.109119565622150028e-01,5.789067807104927299e-01,5.980348336571333911e-01,6.135856131949255499e-01,5.137801447724846815e-01,-2.948144456523887902e-01,7.175149599060751671e-01,-9.136860046201782382e-01,6.013743525057394512e-01,-7.664058592863682851e-01,-4.501874084280736432e-01
5.040533437824750163e-01,6.233755274959627002e-01,-2.864986778167932235e-01,-2.110992652445300433e-01,7.647821214838122772e-02,-1.094172318083354578e-01,-7.961424806890192440e-02,-1.045575670608952512e-01,-2.838857093365420026e-01,-2.179341935217975479e-01,-3.300020333224700231e-01,-2.897866569275845960e-01,8.394040713238818396e-01,-5.557548299745568299e-01,6.577847518372884061e-02,-3.546372275417482567e-01,-9.694340933049044873e-01,-2.963673695310327094e-01
3.421188172230873459e-01,6.061755720664327995e-01,-2.864986778167932235e-01,-2.110992652445300433e-01,7.647830713885515885e-02,-9.394429411793661644e-02,-2.532880214680026665e-01,-1.152054208915828937e-01,-7.406581660451968530e-01,-7.306503471468196453e-01,-7.257000550710732689e-01,-7.605328806136564257e-01,6.952237419120197437e-01,-5.024551601372542198e-01,1.263638877179714404e-01,-7.555452856217279578e-01,3.512737827697032800e-01,-3.867187942340529205e-01
5.175478876624239888e-01,-9.418204165912592574e-01,-2.864986778167932235e-01,-2.110992652445300433e-01,-2.906655837537664572e-02,-8.066084343875590257e-02,-2.185532167701337847e-01,-1.096150659152582141e-01,5.090024897080205335e-01,5.355085317914830556e-01,5.527089171978918358e-01,4.268270244335286567e-01,-1.698581220985042883e-01,7.234371928210374669e-01,-1.055051952053720710e+00,5.396961114403804327e-01,-6.957953088088051352e-01,-4.129205118105599981e-01
8.414169407811994406e-01,-7.354209514369003386e-01,-2.864986778167932235e-01,-2.110992652445300433e-01,-1.873844265895681649e-01,-1.151467869960366153e-01,-2.648662827536744091e-01,-1.122011036028311703e-01,8.861855564549291076e-02,1.353398622089517778e-01,8.345171996118366797e-02,4.903068242314377601e-02,3.588030338400751695e-01,3.646377115073509007e-02,-4.391000837724823302e-01,6.426034642726721757e-02,-7.851930754793378098e-01,-3.862373927987622912e-01
2.071733784235976206e-01,-8.558206394436096431e-01,-2.864986778167932235e-01,-2.110992652445300433e-01,-6.424868682931501873e-02,-1.124649644007041233e-01,-3.806488956103918908e-01,-1.091968215332927983e-01,2.380032007417715589e-01,3.573084307900591394e-01,1.620839648634076480e-01,2.109434004275944352e-01,9.066882302399088545e-01,-3.366339177103836455e-01,-3.785146257991688357e-01,1.439279183471697254e-01,-1.086838622661702836e+00,-2.187959441409126071e-01
1.502649590898699206e+00,-9.902260054429355696e-02,-2.864986778167932235e-01,-2.110992652445300433e-01,-3.632922508085327240e-01,-1.222146725509793141e-01,-2.764445023576388438e-01,-1.118750006920247037e-01,2.274697252541575399e-01,1.853609318383362126e-01,3.294946619822914924e-01,1.449790257235553381e-01,-5.735630409913905492e-01,9.011029010778328630e-01,-9.338810361070938315e-01,3.135428615484476267e-01,-4.080059362081193686e-01,-4.867771238604708395e-01
-1.706738502149736658e-01,-5.634213971416012212e-01,-2.864986778167932235e-01,-2.110992652445300433e-01,1.730016433337966175e+00,2.818714294283834049e-02,-2.764446482436143104e-01,-1.104688363261924905e-01,7.263764717389761261e-01,6.949507985069400817e-01,8.165077048977125163e-01,6.427106484394629060e-01,-8.811476710698158410e-01,1.226823153016611156e+00,-1.166125125061535650e+00,8.069682580971541119e-01,-6.373231467956274043e-01,-4.927619690919619044e-01
9.763623795806891659e-01,-3.022277882617390929e-02,-2.864986778167932235e-01,-2.110992652445300433e-01,6.250858797467312655e+00,2.676863657769158467e-01,-3.459140784080108610e-01,-1.102130950375052321e-01,1.020248371329835896e-01,1.259608043816482781e-01,1.240360698155436175e-01,5.202903610605628948e-02,1.377265079799210312e-01,2.378179846700208266e-01,-5.501734385365806279e-01,1.053790581576156266e-01,-6.275036002347305075e-01,-4.201208844439340839e-01
2.206679223035465931e-01,-1.819018143497284745e+00,3.473796468528618675e+00,7.177375018314022803e+00,5.690215194877983329e-01,-2.920333733007168114e-02,4.992983368750518181e-01,-9.569124612820831266e-02,1.939539310427653707e-01,2.072451937650417186e-01,2.280336617883628181e-01,1.389821834304654502e-01,-3.528987347300289318e-02,3.977169941819290178e-01,-6.410515800574800860e-01,2.107459550113631730e-01,-6.820130345287072071e-01,-4.422523326850517078e-01
-6.159937982532898149e-01,-1.629818633772455616e+00,-2.864986778167932235e-01,-2.110992652445300433e-01,7.449294386972366011e-01,-4.500726221940307831e-02,-3.690705718021592419e-01,-1.127435410963829043e-01,6.545567354228127854e-01,5.761506280041560624e-01,8.012885879702851266e-01,5.497608207346821318e-01,-1.256016641731469319e+00,1.564387550987295095e+00,-1.347881408103334566e+00,7.915487556540929948e-01,-4.340518335708180575e-01,-5.156517191809966150e-01
5.985151509421178240e-01,-3.570219319872422470e-01,-2.864986778167932235e-01,-2.110992652445300433e-01,-2.929291971133260453e-01,-1.233212633686955328e-01,-3.574922271530729390e-01,-1.164604012907320546e-01,5.463485540256630690e-01,5.761506280041560624e-01,5.856838798040318039e-01,4.658060810640912153e-01,-1.698581220985042883e-01,7.234371928210374669e-01,-1.055051952053720710e+00,5.731052454190346257e-01,-7.190774668571855432e-01,-4.137390930442731429e-01
1.124802362260127753e+00,-9.934202828798489593e-01,-2.864986778167932235e-01,-2.110992652445300433e-01,-1.697938689784600497e-01,-1.030613262357129578e-01,4.968503733562643632e+00,1.427158542393771601e-01,5.070872770897537629e-01,5.542664786249064113e-01,4.664669882739257423e-01,5.047850297528416741e-01,2.238228251403535582e-02,1.312186449954154677e-01,-2.472462395481547504e-01,4.523186610877342750e-01,-9.945741841139349448e-01,-4.042658028043398244e-01
8.684060285410973856e-01,3.653761960530140795e-01,-2.864986778167932235e-01,-2.110992652445300433e-01,-6.095641102909347131e-01,-1.314957006572486098e-01,-5.427443452012600256e-01,-1.195027611826579295e-01,-9.589896897476679616e-01,-9.276083949816666951e-01,-1.004717891212123515e+00,-9.254439792864724845e-01,1.070092582811386750e+00,-1.106518067193461130e+00,7.625108783642672305e-01,-1.038236865333628023e+00,-1.861716715830985081e+00,8.595566734544135556e-01
8.684060285410973856e-01,3.137763297644243221e-01,-2.864986778167932235e-01,-2.110992652445300433e-01,-6.095641102909347131e-01,-1.314957006572486098e-01,-5.427443452012600256e-01,-1.195027611826579295e-01,-9.589896897476679616e-01,-9.276083949816666951e-01,-1.004717891212123515e+00,-9.254439792864724845e-01,1.070092582811386750e+00,-1.106518067193461130e+00,7.625108783642672305e-01,-1.038236865333628023e+00,-1.861716715830985081e+00,8.595566734544135556e-01
1.151791450020025698e+00,5.201757949187832963e-01,-2.864986778167932235e-01,-2.110992652445300433e-01,-6.095641102909347131e-01,-1.314957006572486098e-01,-5.427443452012600256e-01,-1.195027611826579295e-01,-9.589896897476679616e-01,-9.276083949816666951e-01,-1.004717891212123515e+00,-9.254439792864724845e-01,1.070092582811386750e+00,-1.106518067193461130e+00,7.625108783642672305e-01,-1.038236865333628023e+00,-1.861716715830985081e+00,8.595566734544135556e-01
-9.128737636121672105e-01,-5.806213525711311219e-01,-2.864986778167932235e-01,-2.110992652445300433e-01,-6.424843352138454033e-02,-1.014543165510744388e-01,7.424415946247684417e-01,-7.120801545082830475e-02,-5.194538880529433467e-01,-5.618291632883792852e-01,-4.441456956373298626e-01,-5.626395406179146574e-01,3.199429409384321049e-02,1.016077469189528709e-01,-2.068559948180402341e-01,-4.702837849810992954e-01,2.386729049805174085e-01,-5.061859318007845276e-01
1.597111398058342013e+00,-4.946215754234815076e-01,-2.864986778167932235e-01,-2.110992652445300433e-01,-3.984741892815231168e-01,-1.243430536318698015e-01,-4.964313396561949032e-01,-1.191985243617579709e-01,-9.283466705100961169e-01,-9.213557586049916370e-01,-9.311586403892012642e-01,-9.224455956497071840e-01,8.201800395134468680e-01,-7.807978685543525144e-01,4.696813041730692473e-01,-9.637090820737663766e-01,2.439359135332735296e+00,-4.686685550971852465e-01
1.408187783739056398e+00,-3.226220211281823902e-01,-2.864986778167932235e-01,-2.110992652445300433e-01,-4.512467011973673725e-01,-1.189032077693874395e-01,4.774650102836550808e-02,-9.854330315933138018e-02,-4.476342810120156335e-01,-4.680395979424475383e-01,-4.086343467108914385e-01,-4.696896319567747113e-01,1.761746408073434078e-01,-9.382434028471034471e-02,-2.509971177624144290e-02,-4.343048688495853016e-01,-2.098147848460055476e-01,-5.195828329130048884e-01
1.367704152099209480e+00,1.417767754691252047e-01,-2.864986778167932235e-01,-2.110992652445300433e-01,-6.095641102909347131e-01,-1.314957006572486098e-01,-5.427443452012600256e-01,-1.195027611826579295e-01,-9.589896897476679616e-01,-9.276083949816666951e-01,-1.004717891212123515e+00,-9.254439792864724845e-01,1.070092582811386750e+00,-1.106518067193461130e+00,7.625108783642672305e-01,-1.038236865333628023e+00,-1.861716715830985081e+00,8.595566734544135556e-01
9.628678357007401933e-01,-4.774216199939516070e-01,-2.864986778167932235e-01,-2.110992652445300433e-01,-6.424849684836707320e-02,-1.056584282839672095e-01,-2.648662619128207552e-01,-1.065146648624105685e-01,-7.617252566376796485e-01,-7.369029857744437972e-01,-7.586748807048183663e-01,-7.815215587849407841e-01,8.490160915545088560e-01,-6.031322668968971401e-01,1.364614489005001041e-01,-7.889542808245132433e-01,3.929720279369810498e-01,-2.621903685786375338e-01
-1.101797377931452937e+00,5.029758394892533957e-01,-2.864986778167932235e-01,-2.110992652445300433e-01,6.114905145244014205e-03,-9.224127547682627049e-02,-2.880228053250178943e-01,-1.109841278152848970e-01,-9.197283197335884841e-01,-8.994715310052600055e-01,-9.387682216816474190e-01,-9.074536763864629041e-01,9.355242822809707315e-01,-8.873972082289579566e-01,5.302667348829402938e-01,-9.714188564246084567e-01,9.917025059520971908e-01,-3.801715551584828323e-01
-9.533573952520141281e-01,1.761766863281850337e-01,-2.864986778167932235e-01,-2.110992652445300433e-01,-1.170208662785004045e-01,-1.083347492166359810e-01,-4.385400644891165878e-01,-1.159660097864251699e-01,-8.201385097969845495e-01,-8.244398927969466273e-01,-7.992592990453757373e-01,-8.324940868166043062e-01,6.279396175992689733e-01,-5.261438785984242639e-01,2.374371788673705352e-01,-8.300730619427960644e-01,9.116182007414532773e-01,-4.537646052130498986e-01
4.365806243827301536e-01,-6.494211742892507244e-01,-2.864986778167932235e-01,-2.110992652445300433e-01,-2.225658584466974899e-01,-1.029581947757174376e-01,-4.964313146471704963e-01,-1.177353045725261088e-01,-4.696589804991366246e-01,-5.180607238455600116e-01,-3.908786151758410488e-01,-5.116670422702497278e-01,-6.412590821242661332e-02,1.667518825861803444e-01,-2.169535560005688424e-01,-4.163153529605495562e-01,1.574526905509834040e-01,-5.261718186695889532e-01
-3.865865522941572263e-01,-4.946215754234815076e-01,-2.864986778167932235e-01,-2.110992652445300433e-01,-3.808832200450280037e-01,-1.249391034889697771e-01,-4.501182840930811335e-01,-1.150913220377984963e-01,-4.361432121427917807e-01,-4.774185713591591051e-01,-3.477576735425905174e-01,-4.966751119429695382e-01,-2.567786189319503851e-02,2.615067564308609094e-01,-4.189049614074249472e-01,-3.726266509135379712e-01,1.245551355248244590e-01,-4.774227892169757292e-01
3.691079049829852909e-01,5.545757057778430976e-01,-2.864986778167932235e-01,-2.110992652445300433e-01,-4.512466537021304069e-01,-1.174458603222835601e-01,1.703436593587353443e+00,1.233894495257051860e+00,-7.703436125851965688e-01,-7.775451157513534328e-01,-7.536018341194318237e-01,-7.755248028453005649e-01,5.606554500324228973e-01,-5.142995193678392418e-01,2.879250211312704977e-01,-7.838144389670556045e-01,3.376970217092414295e-01,-4.970931070884357927e-01
1.124802362260127753e+00,-1.526618901195276212e+00,-2.864986778167932235e-01,-2.110992652445300433e-01,-6.424837019440186869e-02,-9.169931917174609093e-02,-4.501183174384469354e-01,-1.143497863266591669e-01,-5.855278830941175183e-01,-6.243555214277578536e-01,-5.253145094897121448e-01,-6.136120929364858867e-01,1.185024848203051623e-01,-5.829126259295516060e-02,-2.509971177624144290e-02,-5.525213240883536381e-01,2.495357214536789436e-01,-5.271145497872402608e-01
1.313725976579413368e+00,-1.045020149168438772e+00,-2.864986778167932235e-01,-2.110992652445300433e-01,-5.216099543725692955e-01,-1.257267900740281774e-01,-4.038053139774672173e-01,-1.137755487584897196e-01,-7.933258718423661371e-01,-8.119346239827572864e-01,-7.434557181199261677e-01,-8.264973173842375953e-01,4.741472593059609664e-01,-3.011008400186285794e-01,1.529062383201469123e-02,-7.735347321228291939e-01,1.133040527741511205e+00,-4.448842973991365968e-01
-2.223386753553494369e-02,5.029758394892533957e-01,-2.864986778167932235e-01,-2.110992652445300433e-01,-6.095641102909347131e-01,-1.314957006572486098e-01,-5.427443452012600256e-01,-1.195027611826579295e-01,-9.589896897476679616e-01,-9.276083949816666951e-01,-1.004717891212123515e+00,-9.254439792864724845e-01,1.070092582811386750e+00,-1.106518067193461130e+00,7.625108783642672305e-01,-1.038236865333628023e+00,-1.861716715830985081e+00,8.595566734544135556e-01
-1.412171887170279305e+00,1.933766417577149344e-01,-2.864986778167932235e-01,-2.110992652445300433e-01,-3.984741576180318434e-01,-1.294520848402515856e-01,-4.153835627586267565e-01,-1.170308373401380275e-01,-8.823821442392428827e-01,-8.963452102846046765e-01,-8.575993872834057896e-01,-8.894633734864532126e-01,5.894915453275801909e-01,-5.498325970595944190e-01,3.182177319422989092e-01,-8.891812965009736613e-01,1.785935308046909586e+00,-5.083332887292701940e-01
1.327220520459362341e+00,-1.045020149168438772e+00,-2.864986778167932235e-01,-2.110992652445300433e-01,-5.040191181227376971e-01,-1.246412122510524162e-01,-4.501183341111298364e-01,-1.143497850945000976e-01,-7.923682681187375065e-01,-8.119346239827572864e-01,-7.434557181199261677e-01,-8.234989367158720430e-01,4.645352477261530111e-01,-3.070230196339210349e-01,3.548574619707203087e-02,-7.735347321228291939e-01,1.087127018169688375e+00,-4.542243958472624299e-01
8.009333091413524119e-01,3.825761514825439802e-01,-2.864986778167932235e-01,-2.110992652445300433e-01,-3.808833245345492613e-01,-1.174342532624740726e-01,-4.964313375721095545e-01,-1.167081679432535046e-01,-9.446257735104919284e-01,-9.182294401352852908e-01,-9.768161075980185126e-01,-9.224455956497071840e-01,1.012420452776805702e+00,-9.999187275188559099e-01,6.413400169445252486e-01,-1.009967707362438016e+00,4.598867715465315142e-01,-3.722869473693142250e-01
1.354209608219260508e+00,-1.113819970886558375e+00,-2.864986778167932235e-01,-2.110992652445300433e-01,-5.040190864592463127e-01,-1.218019903745738292e-01,-4.501183174384469354e-01,-1.159678485784737950e-01,-7.435309720450735682e-01,-7.712924911921612559e-01,-6.825791134378226266e-01,-7.815215587849407841e-01,3.491910222602673253e-01,-1.826570878137682152e-01,-5.539239532382737169e-02,-7.118565835747162618e-01,8.753315690871187327e-01,-4.669512979990569912e-01
-8.993792197322182380e-01,-1.678224222624132012e-01,-2.864986778167932235e-01,-2.110992652445300433e-01,4.810673382386397856e-01,-1.033728058676995215e-01,-3.922270526917954192e-01,-1.155015112825390350e-01,-4.198640729453299580e-01,-4.524079943391709491e-01,-3.553672662494027357e-01,-4.606944899516784431e-01,4.160630567365106169e-02,1.075300331335852511e-01,-2.270511171830975894e-01,-3.803364368290356734e-01,-3.705140760979267617e-02,-5.035863512248136553e-01
4.770642560225770712e-01,-1.406219213188566908e+00,-2.864986778167932235e-01,-2.110992652445300433e-01,-3.457016931974246088e-01,-1.128810032120820400e-01,-4.964313313198533972e-01,-1.177353051886056434e-01,-9.407953973985477836e-01,-9.119768026331357413e-01,-9.768161075980185126e-01,-9.164488281063221109e-01,1.031644497563469098e+00,-1.023607467299893825e+00,6.615351574852108563e-01,-1.009967707362438016e+00,5.006163949037960581e-01,-3.236638633568114098e-01
4.770642560225770712e-01,-2.194222885510029308e-01,-2.864986778167932235e-01,-2.110992652445300433e-01,-3.457017881878985399e-01,-1.156042296698930189e-01,-4.501184841652760560e-01,-1.167081689700527336e-01,-1.412041144913437074e-01,-1.616604655689840020e-01,-1.067876867919395761e-01,-1.608561262751533882e-01,-7.373791979223461024e-02,1.252964653801230677e-01,-1.361729756621981868e-01,-1.284838851325693088e-01,-5.093231616996027888e-01,-5.430558822501284633e-01
8.279223969012504680e-01,-1.905017920644934248e+00,-2.864986778167932235e-01,-2.110992652445300433e-01,-4.688375184491042624e-01,-1.252384392294577931e-01,-5.645776717926567073e-02,-9.931194657531901282e-02,-7.971562531253196804e-01,-8.181872597966951544e-01,-7.459922642413520100e-01,-8.294957007511482017e-01,4.549232361463450558e-01,-2.951786604033359573e-01,2.538818501454343998e-02,-7.761046761808693129e-01,1.161604445915770167e+00,-4.601630055073077652e-01
2.341624661834955656e-01,-2.022223331214730302e-01,-2.864986778167932235e-01,-2.110992652445300433e-01,-2.577474802847747881e-01,-1.210253015970867430e-01,-4.269618698941765045e-01,-1.159678516588714681e-01,-2.158965016771008660e-01,-2.366920840814926985e-01,-1.854200230090933266e-01,-2.298189356184640875e-01,-1.606576380519636818e-02,3.646377115073509007e-02,-4.529483414129878427e-02,-2.081515495697177087e-01,-4.739582603543963657e-01,-5.529478577133218886e-01
1.718562292977882766e+00,2.449765080463046640e-01,-2.864986778167932235e-01,-2.110992652445300433e-01,-3.281108696129894642e-01,-1.189811768820409760e-01,-4.153835752631389600e-01,-1.121886102286445697e-01,-9.398378040169378389e-01,-9.182294401352852908e-01,-9.641334774373124805e-01,-9.224455956497071840e-01,9.643603516236707307e-01,-9.406968674063266311e-01,5.908521746806253416e-01,-9.971180888412072285e-01,1.437403890479354684e+00,-4.278611423422227222e-01
1.097813274500229808e+00,-1.062220104597968673e+00,-2.864986778167932235e-01,-2.110992652445300433e-01,-4.336558427830917162e-01,-1.222146801378939662e-01,-4.385400978344823897e-01,-1.147849459936652466e-01,-7.760891651183416950e-01,-7.963030203794806416e-01,-7.257000550710732689e-01,-8.085070117856826277e-01,4.453111986140800282e-01,-2.833342478730809799e-01,1.529062383201469123e-02,-7.555452856217279578e-01,9.794469327237754763e-01,-4.542243958472624299e-01
1.543133222538546123e+00,-5.118215308530114083e-01,-2.864986778167932235e-01,-2.110992652445300433e-01,4.810671165942006500e-01,1.787930386242889691e-01,-3.227575683411794683e-01,-1.106418702723022257e-01,-5.864854764757275740e-01,-6.493660703108820043e-01,-4.821935450277289870e-01,-6.435958996201399662e-01,-1.025739545316581708e-01,2.496624504999457872e-01,-3.179292587039969642e-01,-5.088325989120304760e-01,6.764170745350026603e-01,-5.111538509684899756e-01
1.111307818380178780e+00,-1.334225114033533721e-01,-2.864986778167932235e-01,-2.110992652445300433e-01,-2.753383861942873545e-01,-1.239173040295353106e-01,-5.080095842691837449e-01,-1.191604946757180289e-01,-9.273890771284862833e-01,-9.151031219469478728e-01,-9.387682216816474190e-01,-9.164488281063221109e-01,8.682401406665818389e-01,-8.400197180069478575e-01,5.201691646125974344e-01,-9.714188564246084567e-01,2.243855623569620761e+00,-4.650099170143777161e-01
-4.675538155738510615e-01,1.933766417577149344e-01,-2.864986778167932235e-01,-2.110992652445300433e-01,-4.864283167027464438e-01,-1.310699476522978468e-01,-3.459140784080108610e-01,-1.179435429460775758e-01,-9.044068101148025063e-01,-8.994715310052600055e-01,-8.981837987753434893e-01,-9.074536763864629041e-01,7.817319499401199634e-01,-6.978872739907524547e-01,3.687055832940128730e-01,-9.303000706804631648e-01,2.015768193179320988e+00,-4.314119829276644724e-01
-5.215319910936470071e-01,1.276973833818099369e+00,3.473796468528618675e+00,3.483137876534746269e+00,-9.942980205153117979e-02,-9.812038714506976511e-02,-2.764443773125170312e-01,-1.081682870195579543e-01,6.756237898182291257e-01,6.543085616099468815e-01,7.708502399717686027e-01,5.767462737354239755e-01,-7.465794224443144111e-01,1.220900920101648968e+00,-1.297393602190691331e+00,7.607096351214137631e-01,-6.065877474382947998e-01,-4.666026394665308552e-01
-1.628084589249462866e+00,1.139374190381860164e+00,-2.864986778167932235e-01,-2.110992652445300433e-01,4.129684361823443561e-02,-4.217276561132096008e-02,1.900266576944993346e+00,1.057171567578667037e+00,-2.752673171919589601e-01,-2.679552350143178940e-01,-2.513697199340484967e-01,-3.077769139523240383e-01,2.915188662732290936e-01,-5.829126259295516060e-02,-2.068559948180402341e-01,-2.749695862339111563e-01,-6.675557161842834430e-01,-4.877528162592915106e-01
1.262061151439037576e-01,1.104974279522800362e+00,-2.864986778167932235e-01,-2.110992652445300433e-01,-1.147600076426859468e-02,-9.665673336253478853e-02,-1.027707081176844756e-01,-1.011773902245866191e-01,5.760340264207099992e-01,5.542664786249064113e-01,6.871449256554252871e-01,4.598092387710013274e-01,-6.696831567894696580e-01,1.250511658279102045e+00,-1.428661988441705555e+00,6.759021982147419561e-01,-5.092630297280184015e-01,-4.444531715366802360e-01
1.718562292977882766e+00,1.345773655536218971e+00,-2.864986778167932235e-01,-2.110992652445300433e-01,8.504745258559078813e-01,-5.159432256220330797e-03,6.150808038457937776e-01,-5.999693277716121320e-02,8.287291779069226594e-02,7.906613425613832902e-02,1.138899994735029786e-01,4.903068242314377601e-02,-1.025739545316581708e-01,2.851954748920311200e-01,-3.785146257991688357e-01,9.509939757201214816e-02,-6.504195119075358855e-01,-5.357351432261802104e-01
1.273242344939566451e+00,9.157747697979712331e-01,-2.864986778167932235e-01,3.483137876534746269e+00,5.888762287378183913e-02,-8.878098025943470528e-02,5.224548177646880509e-01,-9.032633210889834396e-02,5.999738609609563955e-01,5.730243129108731903e-01,7.226562745818635447e-01,4.748012230691875390e-01,-7.369674973726972889e-01,1.351188871638084432e+00,-1.529637691145133260e+00,7.118811143462557833e-01,-4.784507828546960551e-01,-4.426372229760620614e-01
1.084318730620280835e+00,1.156574145811390064e+00,-2.864986778167932235e-01,-2.110992652445300433e-01,-2.049752058451154435e-01,-1.085476932196612204e-01,-2.069751222112911349e-01,-1.079634292797684442e-01,3.203563091253603945e-01,3.322979100437988831e-01,3.802252419798193839e-01,2.349304997454238764e-01,-1.506340989388885721e-01,6.819820421133294674e-01,-1.004564146141077696e+00,3.649413957695800681e-01,-5.825885365232014168e-01,-4.150309957104999503e-01
1.043835098980433918e+00,1.208174012099979766e+00,-2.864986778167932235e-01,-2.110992652445300433e-01,-2.577472586403355415e-01,-1.142456431601253514e-01,1.635288637948392743e-01,-9.394330527482941395e-02,1.192615697120553153e-01,1.384661491653704224e-01,1.519379173500995661e-01,6.102428605296456032e-02,8.005435199288278569e-02,3.266508920980885633e-01,-6.410515800574800860e-01,1.336482808908778241e-01,-6.371418711153792325e-01,-4.184929562653953994e-01
1.327220520459362341e+00,6.577754383550226125e-01,-2.864986778167932235e-01,-2.110992652445300433e-01,-1.697932673721250230e-01,-6.158720203025552786e-02,1.332932274127564876e+00,1.990332965014422750e-01,1.278798842914967981e-01,8.531870816897542398e-02,1.874491977903404993e-01,9.700488105880268608e-02,-4.966667753365457405e-01,5.220829260020817264e-01,-3.684171554947817118e-01,1.696271276344572809e-01,-5.050459178159335538e-01,-6.040107819294350255e-01
-5.080374472136980346e-01,1.259773878388569468e+00,3.473796468528618675e+00,-2.110992652445300433e-01,-1.873846165705159716e-01,-1.115115881059307035e-01,-7.961431059146284461e-02,-1.023666434599098118e-01,6.334897327374898746e-01,6.199191237207032357e-01,7.226562745818635447e-01,5.347688364364957536e-01,-6.408472950664275691e-01,1.143912318604496603e+00,-1.277198570703775848e+00,7.118811143462557833e-01,-5.969384794889582846e-01,-4.542365799784343072e-01
-2.651356573746164735e-01,1.208174012099979766e+00,-2.864986778167932235e-01,-2.110992652445300433e-01,4.107038729180459424e-01,-8.769483985524129110e-02,5.932484567745176240e-02,-9.714599986543422105e-02,5.951858940529071162e-01,5.667716827243082234e-01,7.099736581183971884e-01,4.807979304350121774e-01,-7.465794224443144111e-01,1.291967075485159322e+00,-1.418564518137318320e+00,6.990315097026121860e-01,-5.048308151524020237e-01,-4.536143556376023289e-01
-6.429828860131877599e-01,1.070574368663740339e+00,-2.864986778167932235e-01,-2.110992652445300433e-01,3.227499766403093551e-01,4.468070228164672253e-02,7.540197100244648842e-01,2.102899834358017694e-01,-1.172642282410030073e-01,-1.053867376161705394e-01,-9.917813974259206966e-02,-1.488625766162388619e-01,2.050106755467671349e-01,3.054159153544249231e-02,-2.674413619132121056e-01,-1.207741454756944277e-01,-6.724480481137932175e-01,-4.776655740623214075e-01
-4.945429033337490066e-01,9.845745915160908357e-01,-2.864986778167932235e-01,-2.110992652445300433e-01,-1.346119305054696291e-01,-1.099558009008780313e-01,2.561547665125304962e-01,-8.984186872627913933e-02,3.442961695206540051e-01,3.448030578694730730e-01,4.182730685414857152e-01,2.529208377265224628e-01,-2.755903359845821021e-01,8.004257943181897206e-01,-1.075246983540636414e+00,4.034901865711993940e-01,-5.380294699192301744e-01,-4.285748117938474322e-01
1.205769625539821588e+00,6.577754383550226125e-01,-2.864986778167932235e-01,-2.110992652445300433e-01,5.690214244973242907e-01,-1.147209502591367558e-01,1.853953823574256976e+00,7.479059051264684566e-02,8.670329131713165605e-02,6.656087388300808982e-02,1.291091848871276093e-01,5.502755170168659865e-02,-2.563663128249662471e-01,3.681060961054660741e-01,-3.583195034341115082e-01,1.105189694030076220e-01,-5.506192220708339136e-01,-5.505570746694286033e-01
9.898569234606381384e-01,1.036174457804680538e+00,-2.864986778167932235e-01,-2.110992652445300433e-01,-2.753386395022179856e-01,-1.043288053956945849e-01,1.635288637948392743e-01,-1.031001508332839850e-01,4.381404501936553841e-01,4.479716529058443975e-01,5.146611819511551777e-01,3.338771967287477715e-01,-2.659784109129652019e-01,8.951807214625402409e-01,-1.246905705399906639e+00,5.011474131560067491e-01,-5.481313772157526687e-01,-4.069253421310759511e-01
8.684060285410973856e-01,1.104974279522800362e+00,-2.864986778167932235e-01,-2.110992652445300433e-01,-2.225657317927322854e-01,-1.084200445299766113e-01,9.405946280763792522e-02,-9.497232957179366220e-02,2.954589329135985931e-01,3.135399069366476832e-01,3.624695561022338586e-01,1.959515510566734453e-01,-7.373791979223461024e-02,7.115928335904523339e-01,-1.135832623270232933e+00,3.469519261391671994e-01,-5.167551126835754349e-01,-3.892984954381120688e-01
-8.739323655585971157e-03,1.173774101240919965e+00,-2.864986778167932235e-01,-2.110992652445300433e-01,4.986583074751351763e-01,-6.853319253570677727e-02,1.403725704728858714e-01,-9.075101934794864433e-02,5.856099602368087798e-01,5.605191088114713782e-01,7.023640425828526768e-01,4.658060810640912153e-01,-7.081312896168918680e-01,1.297889201800781711e+00,-1.469052324049961555e+00,6.913217006578030732e-01,-4.821962964731776324e-01,-4.457357116600066949e-01
7.739442213814544669e-01,1.087774324093270240e+00,3.473796468528618675e+00,-2.110992652445300433e-01,5.514303602703551910e-01,-8.450371227666322871e-02,-1.722405050811050276e-01,-1.067574505119010114e-01,2.935436685852373939e-01,3.041610460673921379e-01,3.624695561022338586e-01,1.989499317250388866e-01,-1.410220873590807000e-01,7.234371928210374669e-01,-1.085344726479448241e+00,3.469519261391671994e-01,-5.221771954059092335e-01,-4.057047486957060523e-01
3.556133611030363184e-01,6.921753492140824138e-01,-2.864986778167932235e-01,-2.110992652445300433e-01,4.129655864681262140e-02,-7.895778111540958932e-02,3.243343927403648408e+00,3.116392868954358519e-01,7.521219659286057513e-02,4.467661195630257681e-02,9.106126701053100791e-02,8.501127742898190176e-02,-3.428745900596191776e-01,1.726740089018030389e-01,6.577847518372884061e-02,7.453998388355911886e-02,-7.011014824271701862e-01,-7.548343582093419712e-01
-1.706738502149736658e-01,1.276973833818099369e+00,-2.864986778167932235e-01,-2.110992652445300433e-01,7.273391977210419412e-01,-6.266580609921630629e-02,4.877201381119409818e-01,-8.743793049247627902e-02,3.423809827574342268e-01,3.291715668136523942e-01,4.157365224200600395e-01,2.649143064290779837e-01,-4.005466595384665762e-01,7.945035614032274207e-01,-9.338810361070938315e-01,4.009202425131591641e-01,-5.582188123698818005e-01,-4.686552808069086029e-01
1.666897467837507030e-01,1.018974502375150637e+00,-2.864986778167932235e-01,-2.110992652445300433e-01,-2.906674835632459125e-02,-4.285397628645618018e-02,2.098419506192336081e-01,-2.484704891015858050e-02,-5.597822596292510028e-02,-4.286032320306406435e-02,-2.561889576828956308e-02,-1.038868396053044818e-01,1.665625427193447583e-01,1.667518825861803444e-01,-4.592952970156812809e-01,-4.624636915462626563e-02,-6.047246240612245138e-01,-4.237046221835392701e-01
-1.628084589249462866e+00,1.345773655536218971e+00,-2.864986778167932235e-01,7.177375018314022803e+00,2.523864163292415808e-01,-9.289794363255686471e-02,5.456111736092025266e-01,-8.741965757350292354e-02,4.295221356142140401e-01,3.979504988658678633e-01,5.298801847349198235e-01,3.368756043825661406e-01,-6.408472950664275691e-01,1.055079730974448182e+00,-1.125735062087704685e+00,5.165667999525102028e-01,-5.030975891506708209e-01,-4.712239521659072339e-01
1.489155047018750233e+00,1.259773878388569468e+00,-2.864986778167932235e-01,-2.110992652445300433e-01,-8.183927610391440732e-02,-1.008414846686448013e-01,-7.961431059146284461e-02,-1.077123522265518718e-01,2.629007062287691543e-01,2.478873181145786753e-01,3.320312537611818660e-01,1.929530894319489986e-01,-3.524866016394271884e-01,6.997485809592073336e-01,-8.228078630992788911e-01,3.161128518651105668e-01,-5.674153090072083794e-01,-4.708321361582308850e-01
5.715260631822198789e-01,1.139374190381860164e+00,-2.864986778167932235e-01,-2.110992652445300433e-01,5.866121087623975550e-01,-8.004900705149274598e-02,2.445767136353951265e-01,-1.036448226419450780e-01,5.511365467887598957e-01,5.167505849580599220e-01,6.490968479777015077e-01,4.628076194393667686e-01,-7.658033590957393777e-01,1.137990192288873770e+00,-1.135832623270232933e+00,6.373531529906959481e-01,-5.617616720065864433e-01,-4.879606518862761866e-01
1.691573205217984821e+00,9.157747697979712331e-01,-2.864986778167932235e-01,3.483137876534746269e+00,-9.942980205153117979e-02,-1.070603199830093832e-01,1.751071876030720342e-01,-1.020953394887984256e-01,4.285645422326042620e-01,3.979504988658678633e-01,5.400264148780877793e-01,3.218835661134740733e-01,-6.312351104702379478e-01,1.132068065973251159e+00,-1.267101009521247157e+00,5.268466224432941658e-01,-4.622860596258199783e-01,-4.564951331356122965e-01
1.610605941938290986e+00,1.225373967529509667e+00,-2.864986778167932235e-01,-2.110992652445300433e-01,-6.424849684836707320e-02,-1.052077310669663757e-01,-6.803596594237650008e-02,-9.858059753391169855e-02,3.270594886516766664e-01,3.229188522164953556e-01,4.030539744427913962e-01,2.379288534283362233e-01,-3.044264572321968010e-01,8.004257943181897206e-01,-1.044954481749333697e+00,3.880707072574502425e-01,-5.383159655526823517e-01,-4.369871848437653639e-01
7.199660458616585768e-01,1.070574368663740339e+00,-2.864986778167932235e-01,-2.110992652445300433e-01,2.172050794625862147e-01,-8.996613449811977081e-02,1.056378282975778821e-01,-9.612150786024051263e-02,3.088652144010893275e-01,3.104136199802292606e-01,3.802252419798193839e-01,2.199385424326907867e-01,-2.371422896653505308e-01,7.530482507965099437e-01,-1.034856920566805227e+00,3.649413957695800681e-01,-5.419094117053503412e-01,-4.269503464736420506e-01
1.408187783739056398e+00,1.242573922959039567e+00,-2.864986778167932235e-01,-2.110992652445300433e-01,7.097478168591595526e-01,-7.912494843423198421e-02,3.140462813494256933e-01,-9.642407068009914428e-02,2.743918526631345944e-01,2.666451242636819208e-01,3.396408236392619018e-01,2.019483393788572834e-01,-2.948144456523887902e-01,6.819820421133294674e-01,-8.531006375250064222e-01,3.238226146512970249e-01,-5.848332581837347721e-01,-4.567813319641327308e-01
-1.614590045369513893e+00,1.500573254401988299e+00,-2.864986778167932235e-01,3.483137876534746269e+00,7.647837046583784437e-02,-9.310135571188639381e-02,3.835157240183342808e-01,-9.266884207918237026e-02,3.672784365343376156e-01,3.510557161929021008e-01,4.639306247823597462e-01,2.649143064290779837e-01,-4.486067174375060196e-01,9.780911827769657174e-01,-1.196417899487263181e+00,4.497489020641859958e-01,-4.647969103485958264e-01,-4.363831084456784026e-01
-8.970658693527981675e-02,9.845745915160908357e-01,-2.864986778167932235e-01,-2.110992652445300433e-01,6.114968472226686713e-03,-9.742375664064681362e-02,1.056378282975778821e-01,-1.083243789838472526e-01,2.964165262952084268e-01,3.135399069366476832e-01,3.421773241032226576e-01,2.229370040574152056e-01,-8.334993137204231572e-02,5.635382899084694364e-01,-8.732956690119220156e-01,3.263925124507142117e-01,-6.352260497851576204e-01,-4.204454953491478797e-01
-5.215319910936470071e-01,1.208174012099979766e+00,-2.864986778167932235e-01,-2.110992652445300433e-01,4.282952537799282755e-01,-9.351148362702176031e-02,-7.961431059146284461e-02,-1.009234484015377464e-01,6.287016882642995075e-01,5.824033426013131010e-01,7.429485065808747457e-01,5.317704827535834067e-01,-9.388197405486632396e-01,1.315655740646659577e+00,-1.257003266582435108e+00,7.324405280347088265e-01,-5.439205556269570696e-01,-4.931222346126042377e-01
1.070824186740331863e+00,5.717756612073729983e-01,-2.864986778167932235e-01,-2.110992652445300433e-01,-4.512465587116564758e-01,-1.250839241254164402e-01,-1.259273557341498151e-01,-1.137755499906487749e-01,-3.461293308512768396e-01,-4.399027339660407931e-01,-4.238534636383186061e-01,-1.608561262751533882e-01,-5.831749660630076715e-01,-8.281753427864618766e-01,2.024707298474329953e+00,-3.829063577577643263e-01,-1.504230039608875913e-01,2.696750895977498175e+00
-7.239501492928815951e-01,9.845745915160908357e-01,3.473796468528618675e+00,-2.110992652445300433e-01,-2.225659534371715043e-01,-1.185528265773223705e-01,8.248126404452710281e-02,-1.003358635729478116e-01,-3.815602859708414063e-01,-4.117658699896340480e-01,-5.151683934902064887e-01,-1.908400139151666675e-01,3.199429409384321049e-02,-1.248650521869590690e+00,2.095390317630172472e+00,-4.086056364329863633e-01,-4.216171400877113395e-01,2.433124837754720104e+00
-8.723901319723202930e-01,1.001774546945620736e+00,3.473796468528618675e+00,-2.110992652445300433e-01,-8.183927610391440732e-02,-1.039069085665702413e-01,1.301175885305751699e-02,-9.805408056231330882e-02,-4.514646803935022934e-01,-4.461554204263338264e-01,-5.963372073425888820e-01,-2.807914609515823057e-01,4.164751638746562179e-01,-1.384860791600460495e+00,1.923731595770902025e+00,-4.857032874241602460e-01,-6.050118674953471887e-01,2.263383602274727124e+00
-2.921247451345144186e-01,1.603772986979167703e+00,-2.864986778167932235e-01,-2.110992652445300433e-01,-3.281108696129894642e-01,-1.165092060472419921e-01,-9.119259271798828281e-02,-1.077516170288412151e-01,-5.826551288043352317e-01,-6.212292063344753146e-01,-6.927252066085956006e-01,-4.097220185894663302e-01,1.185024848203051623e-01,-1.248650521869590690e+00,2.004512176109273014e+00,-5.962100492646768002e-01,3.723845413275204963e-02,2.429095096687227784e+00
-4.810483594538000340e-01,1.689772764126817206e+00,-2.864986778167932235e-01,-2.110992652445300433e-01,-1.697934256895815563e-01,-9.735033599828743500e-02,-2.417097810231845778e-01,-1.032260815971954709e-01,-5.951038427652632912e-01,-6.274818365210402815e-01,-7.206269856569541554e-01,-4.097220185894663302e-01,1.857866523871512798e-01,-1.367094236764681892e+00,2.135780562360286794e+00,-5.962100492646768002e-01,1.002111005239593039e-01,2.345515291454353335e+00
-1.574106413729666976e+00,1.311373744677159170e+00,-2.864986778167932235e-01,-2.110992652445300433e-01,-8.183911778645779067e-02,-1.133604288562233275e-01,-2.532879589454417046e-01,-1.121886102286445697e-01,-5.711639823699697915e-01,-5.524502180085317793e-01,-7.358461482418464650e-01,-3.887332729545494026e-01,6.375516291790769285e-01,-1.621748226720610475e+00,2.095390317630172472e+00,-5.782205333756410548e-01,-6.310399119025361658e-02,2.081370189243665791e+00
1.016846011220535972e+00,2.188571471583184547e+00,-2.864986778167932235e-01,-2.110992652445300433e-01,1.116598339864585676e-01,-9.883182592747730144e-02,-2.417097810231845778e-01,-1.089719206726693784e-01,-7.205487050313899022e-01,-7.431556272157544552e-01,-8.373071826788734962e-01,-5.536443986128185557e-01,3.780270569996910246e-01,-1.408549520721564807e+00,2.004512176109273014e+00,-7.195663463609025534e-01,6.165400150028338411e-01,2.265820556763060267e+00
5.175478876624239888e-01,7.437752155026721157e-01,-2.864986778167932235e-01,-2.110992652445300433e-01,-4.665765426583712988e-02,-1.062911171912303415e-01,-3.330114040365398514e-02,-1.087023540458434134e-01,-5.204114814345531803e-01,-5.805870819849384690e-01,-6.318485790977595995e-01,-3.257672789188756357e-01,-1.314100757792728558e-01,-1.207195216592840126e+00,2.196366020333599955e+00,-5.242521938723374575e-01,1.011003674863215906e-01,2.472880246973524265e+00
8.279223969012504680e-01,8.641749035093815312e-01,-2.864986778167932235e-01,-2.110992652445300433e-01,-1.522025514435603466e-01,-1.124219546412884851e-01,-1.027707081176844756e-01,-9.911889394619689819e-02,-5.156235145265039010e-01,-5.461975878219667013e-01,-6.496042878040775292e-01,-3.227688442796041168e-01,1.377265079799210312e-01,-1.361172041159488755e+00,2.176170807090401560e+00,-5.216822266849856504e-01,-1.178751997072723101e-01,2.355472355828805764e+00
-1.655073677009360811e+00,2.102571694435535044e+00,-2.864986778167932235e-01,-2.110992652445300433e-01,-1.147596910077725886e-02,-8.176777428819294313e-02,1.172160270606887045e-01,-8.584656111862383476e-02,-7.933258718423661371e-01,-7.525345724956021831e-01,-8.677454964342916632e-01,-7.365458082812800233e-01,1.022032473007432829e+00,-1.171662106921282920e+00,9.240720208653805390e-01,-8.711918361222855678e-01,-1.021323453989899210e+00,1.986040585051953133e+00
-8.454010442124223479e-01,1.724172674985877007e+00,-2.864986778167932235e-01,-2.110992652445300433e-01,1.820231726530870398e-01,6.192839665422597887e-05,-1.953967984030584581e-01,-9.440322712921858650e-02,-7.866227130000877921e-01,-7.900503901929156747e-01,-8.981837987753434893e-01,-6.435958996201399662e-01,6.087155511855577572e-01,-1.426316086217277235e+00,1.792463118641746567e+00,-7.966640436106993128e-01,7.474469212474909030e-01,2.171972094032771583e+00
1.583616854178393041e+00,1.036174457804680538e+00,-2.864986778167932235e-01,-2.110992652445300433e-01,-1.346117721880130125e-01,-1.099558084877926972e-01,-9.119250935457366702e-02,-1.010394017573988806e-01,-5.615880485538712330e-01,-5.712081085682269022e-01,-7.206269856569541554e-01,-3.587494662708952120e-01,3.684150454198831803e-01,-1.574370736498600376e+00,2.297341813915169784e+00,-5.525213240883536381e-01,-1.313568644017627102e-02,2.190752264931636883e+00
1.016846011220535972e+00,1.586573031549637802e+00,-2.864986778167932235e-01,-2.110992652445300433e-01,-1.170208029515178022e-01,-1.094615980161303681e-01,4.414070304466931605e-01,-9.234339293144121219e-02,-3.633660117202542894e-01,-4.461554204263338264e-01,-4.898031605632737762e-01,-1.308722926060462421e-01,-4.678309136135036517e-01,-1.183506476811801988e+00,2.509390598748271195e+00,-3.572071253411654435e-01,-1.083549556518200591e-02,2.501880531226136295e+00
-9.128737636121672105e-01,9.329747252275011338e-01,-2.864986778167932235e-01,-2.110992652445300433e-01,-3.105198655466537838e-01,-1.188082727062002852e-01,-2.417098227048918302e-01,-1.018570111747352375e-01,-4.524222996301592858e-01,-4.836712015457242386e-01,-5.836545908791224146e-01,-2.628012039268428079e-01,8.005435199288278569e-02,-1.290105816486407209e+00,2.115585439995229411e+00,-4.702837849810992954e-01,-2.825798810208630663e-01,2.407109345004120105e+00
-8.319065003324733754e-01,1.672572808697287305e+00,-2.864986778167932235e-01,-2.110992652445300433e-01,3.579315984783866811e-01,2.194096667438020509e-01,2.214202952683198833e-01,-5.698209007761381034e-02,-7.473613455715130138e-01,-7.431556272157544552e-01,-8.575993872834057896e-01,-6.136120929364858867e-01,6.471636407588848838e-01,-1.384860791600460495e+00,1.681389854755789948e+00,-7.709648343234120071e-01,2.792686280294406354e-01,2.201830910643938211e+00
-1.032011308152287893e-01,1.741372630415406908e+00,-2.864986778167932235e-01,-2.110992652445300433e-01,3.579314718244213656e-01,-7.264748669430635963e-02,9.405952533019883155e-02,-8.847774234207787802e-02,-4.351855670510875185e-01,-4.930501468255716890e-01,-5.988737306352820422e-01,-1.818448449246174714e-01,-1.794702201865032432e-01,-1.503304511825519052e+00,2.751732521519667074e+00,-4.008958505174886611e-01,8.043696339868076917e-02,2.337141138100111259e+00
1.462165959258852288e+00,1.517773209831518200e+00,3.473796468528618675e+00,-2.110992652445300433e-01,2.347956687371856033e-01,8.491832045857615821e-03,-1.953967984030584581e-01,-1.017049083254274733e-01,-5.596728359356043514e-01,-5.774607387547918691e-01,-6.572138576821573430e-01,-4.217154872920220732e-01,2.915188662732290936e-01,-1.142051182194985248e+00,1.640999610025675404e+00,-6.064896867209688125e-01,-3.862555378631111758e-01,2.497978915916964304e+00
1.448671415378903315e+00,8.985748143684413325e-01,-2.864986778167932235e-01,-2.110992652445300433e-01,-2.401566377022448240e-01,-1.171585116770576945e-01,4.774650102836550808e-02,-9.724227564098485155e-02,-5.615880485538712330e-01,-5.774607387547918691e-01,-6.952617527300215539e-01,-3.827365655887245421e-01,3.107428894328449487e-01,-1.396705172150913832e+00,2.054999982021916249e+00,-5.730807377768065702e-01,-1.575566704537750273e-01,2.297409712381612845e+00
-1.290720992250738552e+00,1.242573922959039567e+00,-2.864986778167932235e-01,-2.110992652445300433e-01,-4.688375184491042624e-01,-1.222146849659305895e-01,-4.153836231971023141e-01,-1.125162796243457108e-01,-5.443513418298467910e-01,-5.211870108019783787e-01,-7.003347993154080964e-01,-3.767397502810876930e-01,6.567756782911499114e-01,-1.538837605507175077e+00,1.933829156953430717e+00,-5.679408496607261103e-01,-3.559675432482689583e-01,2.105569989941672215e+00
-8.319065003324733754e-01,1.345773655536218971e+00,-2.864986778167932235e-01,-2.110992652445300433e-01,-1.522025514435603466e-01,-1.103783605504561754e-01,-3.459141034170351570e-01,-1.138363511878821011e-01,-7.578948805257355037e-01,-7.525345724956021831e-01,-8.778916055851774258e-01,-6.136120929364858867e-01,6.663877071725960999e-01,-1.461849190558867306e+00,1.792463118641746567e+00,-7.709648343234120071e-01,5.277319551436101541e-01,2.131186740967930149e+00
-4.270701839340041439e-01,1.947772095569765938e+00,3.473796468528618675e+00,-2.110992652445300433e-01,-4.665762260234586345e-02,-6.950609019181647197e-02,-1.259272932115889088e-01,-1.099193016990909488e-01,-6.353228165029715102e-01,-6.587450437275935711e-01,-7.586748807048183663e-01,-4.606944899516784431e-01,3.011308778530369379e-01,-1.384860791600460495e+00,2.044902420839387780e+00,-6.398987050530654530e-01,1.056438284087827528e-01,2.313442489955293890e+00
-7.104556054129326226e-01,1.173774101240919965e+00,3.473796468528618675e+00,-2.110992652445300433e-01,-2.049750791911502390e-01,-1.198300721656347378e-01,1.056378282975778821e-01,-7.219394601120045218e-02,-5.663760154619205123e-01,-5.868397121715034359e-01,-6.648234275602372678e-01,-4.247139219312934810e-01,2.722948431136132386e-01,-1.153895552085504539e+00,1.681389854755789948e+00,-6.090596539083205085e-01,-3.205004131525417410e-01,2.491799958237807644e+00
-9.803464830119120732e-01,8.125750372207917183e-01,-2.864986778167932235e-01,-2.110992652445300433e-01,-4.336557984542038779e-01,-1.210252963092371403e-01,-3.459140784080108610e-01,-1.155015030681452448e-01,-3.011223643504721825e-01,-3.617448284971136463e-01,-4.263899869310119328e-01,-9.189328994638974735e-02,-3.140384688120046452e-01,-1.124284624161226542e+00,2.246853917124385092e+00,-3.237981070090687474e-01,-3.260346659754901344e-01,2.529432378790469116e+00
1.462165959258852288e+00,1.053374413234210438e+00,-2.864986778167932235e-01,-2.110992652445300433e-01,-4.512465903751477492e-01,-1.297075392227730328e-01,-3.806488330878309845e-01,-1.114404877031693053e-01,-6.525595232269959522e-01,-6.524923854041645432e-01,-7.789670898750971073e-01,-4.966751119429695382e-01,5.318193893405419592e-01,-1.420393906601984613e+00,1.863146137797588864e+00,-6.707378024564334407e-01,-7.774781981962074207e-02,2.224593432752739020e+00
1.516144134778648178e+00,1.173774101240919965e+00,-2.864986778167932235e-01,-2.110992652445300433e-01,-2.929291971133260453e-01,-1.243430550113088229e-01,-2.301315405783664336e-01,-1.091206823173053453e-01,-7.693860062760631280e-01,-7.775451157513534328e-01,-8.804281197463778019e-01,-6.226072349415820995e-01,5.510434384526149421e-01,-1.408549520721564807e+00,1.822755893067474098e+00,-7.786745971095980767e-01,4.952617022183802842e-01,2.220602680904995463e+00
-1.196259185091095745e+00,2.068171783576475242e+00,3.473796468528618675e+00,-2.110992652445300433e-01,-1.147590577379458548e-02,-8.892043464814905485e-02,-1.259272723707352548e-01,-1.122010851204451320e-01,-6.142557362525076226e-01,-6.493660703108820043e-01,-7.282365783637665402e-01,-4.397058252731205208e-01,1.761746408073434078e-01,-1.301950191706893412e+00,2.034804859656858866e+00,-6.219092585519642169e-01,1.275588748661829752e-01,2.378283293827261780e+00
8.279223969012504680e-01,1.638172897838227504e+00,-2.864986778167932235e-01,-2.110992652445300433e-01,-2.401567326927187551e-01,-1.143804430916467718e-01,-2.996010874515432909e-01,-1.127715268172468366e-01,-6.046797765813617387e-01,-6.274818365210402815e-01,-7.155539390715677239e-01,-4.457025596243983090e-01,2.819068546934212494e-01,-1.272339266980595740e+00,1.873243698980117555e+00,-6.270490772801101675e-01,-9.626125299054134887e-02,2.387500268423548455e+00
9.763623795806891659e-01,1.947772095569765938e+00,-2.864986778167932235e-01,-2.110992652445300433e-01,1.644323300705571034e-01,2.552188970931840162e-02,1.519507692359966800e-01,-4.146604076700231151e-02,-5.433937484482368463e-01,-5.587028481950967462e-01,-6.242389863909474368e-01,-4.277122756142057725e-01,3.011308778530369379e-01,-1.011763097409374978e+00,1.408755430193091795e+00,-6.090596539083205085e-01,-5.740530516905552050e-01,2.648572019736708860e+00
1.124802362260127753e+00,2.016571917287885540e+00,3.473796468528618675e+00,-2.110992652445300433e-01,-2.753383228673047523e-01,-1.116556139555897192e-01,-3.330126544877581168e-02,-6.808674501181198602e-02,-5.931886301469965206e-01,-6.212292063344753146e-01,-7.079443691934877991e-01,-4.247139219312934810e-01,2.242346987063829900e-01,-1.290105816486407209e+00,1.964121840501017013e+00,-6.090596539083205085e-01,-7.078808924913749558e-03,2.393787151854083195e+00
1.327220520459362341e+00,1.070574368663740339e+00,-2.864986778167932235e-01,-2.110992652445300433e-01,-4.512466537021304069e-01,-1.234580975129728475e-01,-4.487956841615485526e-02,-9.813737246168850736e-02,-6.238316700686059590e-01,-6.024713157747801917e-01,-7.815036131677903786e-01,-4.516993749320352691e-01,7.048357707934659322e-01,-1.615825993805648064e+00,2.014609737291801483e+00,-6.321889653961907385e-01,9.760035242922446286e-02,2.038755933962959954e+00
